[{"fields": {"model": "logentry", "name": "log entry", "app_label": "admin"}, "model": "contenttypes.contenttype", "pk": 1}, {"fields": {"model": "permission", "name": "permission", "app_label": "auth"}, "model": "contenttypes.contenttype", "pk": 2}, {"fields": {"model": "group", "name": "group", "app_label": "auth"}, "model": "contenttypes.contenttype", "pk": 3}, {"fields": {"model": "user", "name": "user", "app_label": "auth"}, "model": "contenttypes.contenttype", "pk": 4}, {"fields": {"model": "contenttype", "name": "content type", "app_label": "contenttypes"}, "model": "contenttypes.contenttype", "pk": 5}, {"fields": {"model": "session", "name": "session", "app_label": "sessions"}, "model": "contenttypes.contenttype", "pk": 6}, {"fields": {"model": "site", "name": "site", "app_label": "sites"}, "model": "contenttypes.contenttype", "pk": 7}, {"fields": {"model": "usersocialauth", "name": "user social auth", "app_label": "default"}, "model": "contenttypes.contenttype", "pk": 8}, {"fields": {"model": "nonce", "name": "nonce", "app_label": "default"}, "model": "contenttypes.contenttype", "pk": 9}, {"fields": {"model": "association", "name": "association", "app_label": "default"}, "model": "contenttypes.contenttype", "pk": 10}, {"fields": {"model": "code", "name": "code", "app_label": "default"}, "model": "contenttypes.contenttype", "pk": 11}, {"fields": {"model": "state", "name": "state", "app_label": "rtiapp"}, "model": "contenttypes.contenttype", "pk": 12}, {"fields": {"model": "address", "name": "address", "app_label": "rtiapp"}, "model": "contenttypes.contenttype", "pk": 13}, {"fields": {"model": "email_user", "name": "email_user", "app_label": "rtiapp"}, "model": "contenttypes.contenttype", "pk": 14}, {"fields": {"model": "user_profile", "name": "user_profile", "app_label": "rtiapp"}, "model": "contenttypes.contenttype", "pk": 15}, {"fields": {"model": "department", "name": "department", "app_label": "rtiapp"}, "model": "contenttypes.contenttype", "pk": 16}, {"fields": {"model": "authority", "name": "authority", "app_label": "rtiapp"}, "model": "contenttypes.contenttype", "pk": 17}, {"fields": {"model": "state_department", "name": "state_department", "app_label": "rtiapp"}, "model": "contenttypes.contenttype", "pk": 18}, {"fields": {"model": "central_department", "name": "central_department", "app_label": "rtiapp"}, "model": "contenttypes.contenttype", "pk": 19}, {"fields": {"model": "rti_query", "name": "rt i_query", "app_label": "rtiapp"}, "model": "contenttypes.contenttype", "pk": 20}, {"fields": {"model": "rti_query_file", "name": "rt i_query_file", "app_label": "rtiapp"}, "model": "contenttypes.contenttype", "pk": 21}, {"fields": {"model": "rti_response", "name": "rt i_response", "app_label": "rtiapp"}, "model": "contenttypes.contenttype", "pk": 22}, {"fields": {"model": "rti_response_file", "name": "rt i_response_file", "app_label": "rtiapp"}, "model": "contenttypes.contenttype", "pk": 23}, {"fields": {"model": "tag", "name": "tag", "app_label": "rtiapp"}, "model": "contenttypes.contenttype", "pk": 24}, {"fields": {"model": "rti_tag", "name": "rt i_tag", "app_label": "rtiapp"}, "model": "contenttypes.contenttype", "pk": 25}, {"fields": {"model": "user_tag", "name": "user_tag", "app_label": "rtiapp"}, "model": "contenttypes.contenttype", "pk": 26}, {"fields": {"model": "activity", "name": "activity", "app_label": "rtiapp"}, "model": "contenttypes.contenttype", "pk": 27}, {"fields": {"model": "follow_user", "name": "follow_user", "app_label": "rtiapp"}, "model": "contenttypes.contenttype", "pk": 28}, {"fields": {"model": "follow_state", "name": "follow_state", "app_label": "rtiapp"}, "model": "contenttypes.contenttype", "pk": 29}, {"fields": {"model": "follow_topic", "name": "follow_topic", "app_label": "rtiapp"}, "model": "contenttypes.contenttype", "pk": 30}, {"fields": {"model": "follow_department", "name": "follow_department", "app_label": "rtiapp"}, "model": "contenttypes.contenttype", "pk": 31}, {"fields": {"model": "user_feed", "name": "user_feed", "app_label": "rtiapp"}, "model": "contenttypes.contenttype", "pk": 32}, {"fields": {"model": "notification", "name": "notification", "app_label": "rtiapp"}, "model": "contenttypes.contenttype", "pk": 33}, {"fields": {"model": "relevance", "name": "relevance", "app_label": "rtiapp"}, "model": "contenttypes.contenttype", "pk": 34}, {"fields": {"model": "activity_relevance", "name": "activity_relevance", "app_label": "rtiapp"}, "model": "contenttypes.contenttype", "pk": 35}, {"fields": {"model": "rti_unlinked_files", "name": "rt i_unlinked_files", "app_label": "rtiapp"}, "model": "contenttypes.contenttype", "pk": 36}, {"fields": {"expire_date": "2016-01-03T14:35:55Z", "session_data": "MjkwOWFkZjg4NThmZjIyNDQyZmU0MTJlZjQyZmE2ZDcyZjhhNGJiYTp7Il9hdXRoX3VzZXJfaWQiOjE0LCJmYWNlYm9va19zdGF0ZSI6ImpVMEcxMlM5TVlzcjlDbUNyNGl6ZUs5bUVDdUxxWGdGIiwiX2F1dGhfdXNlcl9iYWNrZW5kIjoic29jaWFsLmJhY2tlbmRzLmZhY2Vib29rLkZhY2Vib29rT0F1dGgyIiwibmV4dCI6Ii9ob21lIiwic29jaWFsX2F1dGhfbGFzdF9sb2dpbl9iYWNrZW5kIjoiZmFjZWJvb2siLCJfYXV0aF91c2VyX2hhc2giOiIxNTI3ZWI1ZWRhNTRmYzY0MjNlNTRmOWViODNkYTNlMDA4NjgzOWRiIn0="}, "model": "sessions.session", "pk": "29tu2w47utq8d2r85ca9sj2d4tuk2p1d"}, {"fields": {"expire_date": "2015-12-30T03:32:45Z", "session_data": "N2Y2OWE5YjM1OTExNTYwNWExZDM0YzU1ZmRjNTdlMzZkYTNhZjVlOTp7fQ=="}, "model": "sessions.session", "pk": "2hfcu0hpo2g65qsq8vdv3u6rhz94rprf"}, {"fields": {"expire_date": "2016-01-03T14:30:33Z", "session_data": "MTI0M2Q1MzUwY2NhNmRlMDBmNmY1YzIzYjk3NGU1OTA4ZjVmNzRmODp7Il9hdXRoX3VzZXJfaWQiOjEsImZhY2Vib29rX3N0YXRlIjoieVRTNnp1S3REcGpWZm1ZdkpORllDTVRYeWZNWGxOTXYiLCJfYXV0aF91c2VyX2JhY2tlbmQiOiJzb2NpYWwuYmFja2VuZHMuZmFjZWJvb2suRmFjZWJvb2tPQXV0aDIiLCJuZXh0IjoiL2hvbWUiLCJzb2NpYWxfYXV0aF9sYXN0X2xvZ2luX2JhY2tlbmQiOiJmYWNlYm9vayIsIl9hdXRoX3VzZXJfaGFzaCI6ImE2MTQ4ZTJjMTM5MGRiNmFhOTA4YWRiYWI2YmRiNGJhMzEwYzMwN2YifQ=="}, "model": "sessions.session", "pk": "2koe2p92hbhydkeals5c0kbh5xogjaav"}, {"fields": {"expire_date": "2015-12-30T09:57:11Z", "session_data": "MjUxNWZhMWRjZjkyZWFkMWM5YmEwNTg5ZTQ1YjFmZTg5MDEyZjBjNDp7Il9hdXRoX3VzZXJfaWQiOjgsImZhY2Vib29rX3N0YXRlIjoiOUF5MU1xRFZYd0g5U0VIOEs4b2R0NGFoRnJIb1ZueE8iLCJfYXV0aF91c2VyX2JhY2tlbmQiOiJzb2NpYWwuYmFja2VuZHMuZmFjZWJvb2suRmFjZWJvb2tPQXV0aDIiLCJuZXh0IjoiL2hvbWUiLCJzb2NpYWxfYXV0aF9sYXN0X2xvZ2luX2JhY2tlbmQiOiJmYWNlYm9vayIsIl9hdXRoX3VzZXJfaGFzaCI6IjU3NDU1NWRjZDRmNThlNjQ5YTFlOWZjYTAxZDUwODNmNDEwMDNmMDgifQ=="}, "model": "sessions.session", "pk": "3zdyg30kaih05xiz36vfud45flgbooxo"}, {"fields": {"expire_date": "2015-12-31T00:07:21Z", "session_data": "ZWFlMzI3NzYzM2UxZDA4YmUyNjAxMDVhZjM1YmY4MDM3YTI2NTc0ZTp7ImZhY2Vib29rX3N0YXRlIjoidVFvdlNuTXhNY216aTdUUkk4TUhPbzZhQVFPNmdTWngiLCJuZXh0IjoiL2hvbWUifQ=="}, "model": "sessions.session", "pk": "4emqc3stm3jkreuwbbr24uozrz7yhtye"}, {"fields": {"expire_date": "2016-01-04T13:11:39Z", "session_data": "MTcxZmM1NTU1NTI2MDVmZTBiYWMzOTg2ZGM3OGY2N2Q0OTQyMWY0NDp7Il9hdXRoX3VzZXJfaWQiOjE0LCJmYWNlYm9va19zdGF0ZSI6ImRiWW5vcjlCVXZPNDlrZ1hpdTU2T3dFdnMwMDNEZUpRIiwiX2F1dGhfdXNlcl9iYWNrZW5kIjoic29jaWFsLmJhY2tlbmRzLmZhY2Vib29rLkZhY2Vib29rT0F1dGgyIiwibmV4dCI6Ii9ob21lIiwic29jaWFsX2F1dGhfbGFzdF9sb2dpbl9iYWNrZW5kIjoiZmFjZWJvb2siLCJfYXV0aF91c2VyX2hhc2giOiIxNTI3ZWI1ZWRhNTRmYzY0MjNlNTRmOWViODNkYTNlMDA4NjgzOWRiIn0="}, "model": "sessions.session", "pk": "5bhatdgk89wyfgjvlmpcp3loy9tqtm3c"}, {"fields": {"expire_date": "2015-12-29T19:56:28Z", "session_data": "NmI0OTA5MTc1NzgzYWVhMjk0ZTI2YWRmMTZkODk1NTgxZWM1NjZjMDp7Il9hdXRoX3VzZXJfaGFzaCI6ImQyNmQ3MTNkMGJjZjE4MDUwMGUwOWNmZmI0M2I1NDY0YmUyYzk0MGMiLCJfYXV0aF91c2VyX2JhY2tlbmQiOiJkamFuZ28uY29udHJpYi5hdXRoLmJhY2tlbmRzLk1vZGVsQmFja2VuZCIsIl9hdXRoX3VzZXJfaWQiOjV9"}, "model": "sessions.session", "pk": "6mwc7za4qap0jxdot27sc6bp56w9hmsx"}, {"fields": {"expire_date": "2016-01-04T08:32:25Z", "session_data": "MmIyYjU1YzI2ODFkNDAyYTFlM2Y3Njk3YTliMDlhNmUxOTkzYTBiYTp7ImZhY2Vib29rX3N0YXRlIjoiclBvUFJxWFNWRVV2N3RjZWFsN216M05CYzI1aGYyMmUiLCJuZXh0IjoiL2hvbWUifQ=="}, "model": "sessions.session", "pk": "7sz80ewicojc2of5vvinlycs59gjmjdh"}, {"fields": {"expire_date": "2015-12-30T12:54:04Z", "session_data": "ZGEwNDZlYjc2MmViNGExYjI4Yzc2MTljMGVmY2Y4ZmUyOGIwYjM4Nzp7Il9hdXRoX3VzZXJfaWQiOjcsImZhY2Vib29rX3N0YXRlIjoiMXkycXlsWXlCNGNBcFQ5Q1MyRlg2Q0FjaG82N1hJVjAiLCJfYXV0aF91c2VyX2JhY2tlbmQiOiJzb2NpYWwuYmFja2VuZHMuZmFjZWJvb2suRmFjZWJvb2tPQXV0aDIiLCJuZXh0IjoiL2hvbWUiLCJzb2NpYWxfYXV0aF9sYXN0X2xvZ2luX2JhY2tlbmQiOiJmYWNlYm9vayIsIl9hdXRoX3VzZXJfaGFzaCI6ImZlMTBjMGFiNDUxNDNlNGU0YjJjOWE5NDMyYmYyOTE2MjUxY2UyMjcifQ=="}, "model": "sessions.session", "pk": "9kwmzkcdiadrqaqimwwyl64jbyhppg0k"}, {"fields": {"expire_date": "2015-12-30T17:22:05Z", "session_data": "N2Y2OWE5YjM1OTExNTYwNWExZDM0YzU1ZmRjNTdlMzZkYTNhZjVlOTp7fQ=="}, "model": "sessions.session", "pk": "9m0o55j1tiib7ebbkyj3maugcl03amrp"}, {"fields": {"expire_date": "2016-01-01T05:13:45Z", "session_data": "ZmU3MjE4M2FiNTA0NDM0YWE0ODFlMTg4ODU0ZmI5YzExZGExODU4ZDp7Il9hdXRoX3VzZXJfaWQiOjIsImZhY2Vib29rX3N0YXRlIjoiT0o0SllXQlkxN0VzbTNSUjdFYXphVXFhOFlKV0RpcngiLCJfYXV0aF91c2VyX2JhY2tlbmQiOiJzb2NpYWwuYmFja2VuZHMuZmFjZWJvb2suRmFjZWJvb2tPQXV0aDIiLCJuZXh0IjoiL2hvbWUiLCJzb2NpYWxfYXV0aF9sYXN0X2xvZ2luX2JhY2tlbmQiOiJmYWNlYm9vayIsIl9hdXRoX3VzZXJfaGFzaCI6ImFiMTU0ZGEwNzYwZGZmYWJlMjMxMDQ0NTY1NTA0MTQ0NTc4NGNjNmYifQ=="}, "model": "sessions.session", "pk": "euw3ero4b4i0ontr0e2xggfvjenkhn8w"}, {"fields": {"expire_date": "2015-12-29T20:02:24Z", "session_data": "YzYwYzZiMWYwOTc3NDY1YjU5ZDAwYzAwMGEyMTZkNDYxYzg3NjgzOTp7Il9hdXRoX3VzZXJfaGFzaCI6ImRlNTNhZDExYTFhNWU2ZjlmYWJjYThlODE5Y2MyMTA2YjNmNjk0NTIiLCJfYXV0aF91c2VyX2JhY2tlbmQiOiJkamFuZ28uY29udHJpYi5hdXRoLmJhY2tlbmRzLk1vZGVsQmFja2VuZCIsIl9hdXRoX3VzZXJfaWQiOjV9"}, "model": "sessions.session", "pk": "fej95ygqbai342wg4lt8vab2hyu766pd"}, {"fields": {"expire_date": "2015-12-31T00:07:36Z", "session_data": "YWVlODEzM2ZlM2JlOTA1MmJhNmQwMjNhYWM4YzRlZWE4NmRhNjgzODp7InR3aXR0ZXJfc3RhdGUiOiJBUDh3YWh4eXZHU1IyZFAweFBlV2VsNUtreDI4TEt3TCIsInR3aXR0ZXJ1bmF1dGhvcml6ZWRfdG9rZW5fbmFtZSI6WyJvYXV0aF90b2tlbj1BZXhGZ2dBQUFBQUFqSFhyQUFBQlVhMURiUWsmb2F1dGhfdG9rZW5fc2VjcmV0PXRMWUdjV2NvTmJZdlJ1ME9vVXhsRk05dldpM3V6SnRkJm9hdXRoX2NhbGxiYWNrX2NvbmZpcm1lZD10cnVlIl0sIm5leHQiOiIvaG9tZSJ9"}, "model": "sessions.session", "pk": "ju0ukwgydv6ig6foec23djl6xnkisy46"}, {"fields": {"expire_date": "2015-12-31T04:46:16Z", "session_data": "OTY4OTM5NGZhMmY4ZmZjYjc4MmM4ZjM0MmYxYzA4N2MxZTIyMDZhMDp7Il9hdXRoX3VzZXJfaWQiOjEwLCJmYWNlYm9va19zdGF0ZSI6ImdIdjB5Z1BPWlY2SHU3V3RwaWxveVJRbHlmTmxnZW9lIiwiX2F1dGhfdXNlcl9iYWNrZW5kIjoic29jaWFsLmJhY2tlbmRzLmZhY2Vib29rLkZhY2Vib29rT0F1dGgyIiwibmV4dCI6Ii9ob21lIiwic29jaWFsX2F1dGhfbGFzdF9sb2dpbl9iYWNrZW5kIjoiZmFjZWJvb2siLCJfYXV0aF91c2VyX2hhc2giOiI1YjFiYzcwZTQxODNhZWMyYmRjZmQwMTRiMjdlODBlODNhNTk4ODFhIn0="}, "model": "sessions.session", "pk": "m7u37u1iiqs7vb5qeum80nms4ek06w85"}, {"fields": {"expire_date": "2015-12-31T15:32:16Z", "session_data": "ODI2OWNjNjBjZDgxMjljZDAzNzMyYTYyZWQ0YWFlNTYxYjJhOTU0YTp7Il9hdXRoX3VzZXJfaGFzaCI6IjgxMjBkYmE5ZWFiNjhkYTEzNzk1MjNlNWEwNTIwMzc3YzhmMTg3MjUiLCJfYXV0aF91c2VyX2JhY2tlbmQiOiJkamFuZ28uY29udHJpYi5hdXRoLmJhY2tlbmRzLk1vZGVsQmFja2VuZCIsIl9hdXRoX3VzZXJfaWQiOjExfQ=="}, "model": "sessions.session", "pk": "n8i2cjxv8yrwmpf64n9l4y81qa3vt38z"}, {"fields": {"expire_date": "2015-12-29T20:05:29Z", "session_data": "MDY3YmYyMDYxMWRiODc2ZGFjNzg5MGVkYzExMDc0YjI2ZmM1Y2IxYTp7Il9hdXRoX3VzZXJfaGFzaCI6IjI5NGZlOGRhMmEwMjgwZDkwM2VhMjA1MGE5ZjMxYjBkMzNhYzA4YTciLCJfYXV0aF91c2VyX2JhY2tlbmQiOiJkamFuZ28uY29udHJpYi5hdXRoLmJhY2tlbmRzLk1vZGVsQmFja2VuZCIsIl9hdXRoX3VzZXJfaWQiOjZ9"}, "model": "sessions.session", "pk": "s3s84bmx61j5tjevbd5d8ug848dt7y3i"}, {"fields": {"expire_date": "2016-01-04T08:33:38Z", "session_data": "N2Y2OWE5YjM1OTExNTYwNWExZDM0YzU1ZmRjNTdlMzZkYTNhZjVlOTp7fQ=="}, "model": "sessions.session", "pk": "u7w90yep189ahol92c02oc6stm1856sd"}, {"fields": {"expire_date": "2016-01-02T03:29:00Z", "session_data": "OTZkMmNkMzVkNzVlOGJhY2VmMDczNTllZjlmODQ0NGY4YTAxY2M2MDp7ImZhY2Vib29rX3N0YXRlIjoiZU5QZ01yQmY0a0pGazlzVktjY2tneFp1U0Y1aWhNbFgiLCJuZXh0IjoiL2hvbWUifQ=="}, "model": "sessions.session", "pk": "vdrhx9e638mm2txkov6rjlzy1ggnztqm"}, {"fields": {"expire_date": "2015-12-30T02:34:56Z", "session_data": "ZGRiZDJlYjdkMWEwODBkYzkxZGE2M2RmOGE4ZmE5YzJiYzBhMzFiNTp7Il9hdXRoX3VzZXJfaWQiOjcsImZhY2Vib29rX3N0YXRlIjoiNHA1dExrUGZkY1hCbDNCT3NMeTlXdmMwM29WMFpKcTEiLCJfYXV0aF91c2VyX2JhY2tlbmQiOiJzb2NpYWwuYmFja2VuZHMuZmFjZWJvb2suRmFjZWJvb2tPQXV0aDIiLCJuZXh0IjoiL2hvbWUiLCJzb2NpYWxfYXV0aF9sYXN0X2xvZ2luX2JhY2tlbmQiOiJmYWNlYm9vayIsIl9hdXRoX3VzZXJfaGFzaCI6ImZlMTBjMGFiNDUxNDNlNGU0YjJjOWE5NDMyYmYyOTE2MjUxY2UyMjcifQ=="}, "model": "sessions.session", "pk": "vmyx3kr2htkv4ms3ykj0c4eulbaq72b6"}, {"fields": {"expire_date": "2016-01-04T08:33:38Z", "session_data": "NmZmNjU0ODY5YmNhYjNiMWRiOGFjODk4ZTM1ZDdmNWFjN2FjMzgwMDp7Il9hdXRoX3VzZXJfaWQiOjE1LCJmYWNlYm9va19zdGF0ZSI6ImtyTHJTU0hPcXVvNE43c0J6cU9Ya3lzR0VKM1J6UXJzIiwiX2F1dGhfdXNlcl9iYWNrZW5kIjoic29jaWFsLmJhY2tlbmRzLmZhY2Vib29rLkZhY2Vib29rT0F1dGgyIiwibmV4dCI6Ii9ob21lIiwic29jaWFsX2F1dGhfbGFzdF9sb2dpbl9iYWNrZW5kIjoiZmFjZWJvb2siLCJfYXV0aF91c2VyX2hhc2giOiIwMGNiZGEwNDFlMGFiMWM3OTRkODFkNzkxZGU5MTE0MWMwZWVjMDIxIn0="}, "model": "sessions.session", "pk": "vyfuu297gk6k9xm9ey6plexcoz21u0ey"}, {"fields": {"expire_date": "2015-12-31T04:44:08Z", "session_data": "N2Q4MWU3MWI4NDQ4MzcyOTRkOTAwMDQ3NDg4NTFjNzdkYzg4ODg2Nzp7Il9hdXRoX3VzZXJfaWQiOjEwLCJmYWNlYm9va19zdGF0ZSI6ImoyQXJOdFNLRDd1NFdWMGpHbGpTUjFVdkdDcUZreEhvIiwiX2F1dGhfdXNlcl9iYWNrZW5kIjoic29jaWFsLmJhY2tlbmRzLmZhY2Vib29rLkZhY2Vib29rT0F1dGgyIiwibmV4dCI6Ii9ob21lIiwic29jaWFsX2F1dGhfbGFzdF9sb2dpbl9iYWNrZW5kIjoiZmFjZWJvb2siLCJfYXV0aF91c2VyX2hhc2giOiI1YjFiYzcwZTQxODNhZWMyYmRjZmQwMTRiMjdlODBlODNhNTk4ODFhIn0="}, "model": "sessions.session", "pk": "wfcccvuv5ymfoxjif57yy3be1vaczuse"}, {"fields": {"expire_date": "2015-12-29T22:29:47Z", "session_data": "MGFkNDY5MGFkMTVjMDM4MTA3N2M4YTNiZjdmNmNiYWZkZDEyZmVmZDp7InR3aXR0ZXJfc3RhdGUiOiJtMkM4TmlQNTNNWERmQ25peU9uTGRQYzYxd1RSTGg2aiIsInR3aXR0ZXJ1bmF1dGhvcml6ZWRfdG9rZW5fbmFtZSI6WyJvYXV0aF90b2tlbj1NZGlSaEFBQUFBQUFqSFhyQUFBQlVhZkRoUE0mb2F1dGhfdG9rZW5fc2VjcmV0PTFSZ0xDQ1BZZDNsRUR3dGw2Ym9INDVJY2MycTMwb0M1Jm9hdXRoX2NhbGxiYWNrX2NvbmZpcm1lZD10cnVlIl0sIm5leHQiOiIvaG9tZSJ9"}, "model": "sessions.session", "pk": "yb4rmji64m431w12t4xbc3wlngzinsct"}, {"fields": {"expire_date": "2016-01-01T13:52:29Z", "session_data": "ZjcwM2Y1OGNlN2ZjMTU1YjYyZmRjYjUwNTExY2VjMTRhYTllNWRlODp7Il9hdXRoX3VzZXJfaWQiOjEsImZhY2Vib29rX3N0YXRlIjoiZDNBWk5VdURGcXJwZmxpU3d4UzNsQWd1YTEwMEpVZWIiLCJfYXV0aF91c2VyX2JhY2tlbmQiOiJzb2NpYWwuYmFja2VuZHMuZmFjZWJvb2suRmFjZWJvb2tPQXV0aDIiLCJuZXh0IjoiL2hvbWUiLCJzb2NpYWxfYXV0aF9sYXN0X2xvZ2luX2JhY2tlbmQiOiJmYWNlYm9vayIsIl9hdXRoX3VzZXJfaGFzaCI6ImE2MTQ4ZTJjMTM5MGRiNmFhOTA4YWRiYWI2YmRiNGJhMzEwYzMwN2YifQ=="}, "model": "sessions.session", "pk": "yqvy8zaeh6r50qf5m8wh2h29ung48j61"}, {"fields": {"domain": "example.com", "name": "example.com"}, "model": "sites.site", "pk": 1}, {"fields": {"latitude": null, "longitude": null, "state_name": "Andhra Pradesh", "capital_name": null}, "model": "rtiapp.state", "pk": 1}, {"fields": {"latitude": null, "longitude": null, "state_name": "Arunachal Pradesh", "capital_name": null}, "model": "rtiapp.state", "pk": 2}, {"fields": {"latitude": null, "longitude": null, "state_name": "Assam", "capital_name": null}, "model": "rtiapp.state", "pk": 3}, {"fields": {"latitude": null, "longitude": null, "state_name": "Bihar", "capital_name": null}, "model": "rtiapp.state", "pk": 4}, {"fields": {"latitude": null, "longitude": null, "state_name": "Chhattisgarh", "capital_name": null}, "model": "rtiapp.state", "pk": 5}, {"fields": {"latitude": null, "longitude": null, "state_name": "Goa", "capital_name": null}, "model": "rtiapp.state", "pk": 6}, {"fields": {"latitude": null, "longitude": null, "state_name": "Gujarat", "capital_name": null}, "model": "rtiapp.state", "pk": 7}, {"fields": {"latitude": null, "longitude": null, "state_name": "Haryana", "capital_name": null}, "model": "rtiapp.state", "pk": 8}, {"fields": {"latitude": null, "longitude": null, "state_name": "Himachal Pradesh", "capital_name": null}, "model": "rtiapp.state", "pk": 9}, {"fields": {"latitude": null, "longitude": null, "state_name": "Jammu and Kashmir", "capital_name": null}, "model": "rtiapp.state", "pk": 10}, {"fields": {"latitude": null, "longitude": null, "state_name": "Jharkhand", "capital_name": null}, "model": "rtiapp.state", "pk": 11}, {"fields": {"latitude": null, "longitude": null, "state_name": "Karnataka", "capital_name": null}, "model": "rtiapp.state", "pk": 12}, {"fields": {"latitude": null, "longitude": null, "state_name": "Kerala", "capital_name": null}, "model": "rtiapp.state", "pk": 13}, {"fields": {"latitude": null, "longitude": null, "state_name": "Madhya Pradesh", "capital_name": null}, "model": "rtiapp.state", "pk": 14}, {"fields": {"latitude": null, "longitude": null, "state_name": "Maharashtra", "capital_name": null}, "model": "rtiapp.state", "pk": 15}, {"fields": {"latitude": null, "longitude": null, "state_name": "Manipur", "capital_name": null}, "model": "rtiapp.state", "pk": 16}, {"fields": {"latitude": null, "longitude": null, "state_name": "Meghalaya", "capital_name": null}, "model": "rtiapp.state", "pk": 17}, {"fields": {"latitude": null, "longitude": null, "state_name": "Mizoram", "capital_name": null}, "model": "rtiapp.state", "pk": 18}, {"fields": {"latitude": null, "longitude": null, "state_name": "Nagaland", "capital_name": null}, "model": "rtiapp.state", "pk": 19}, {"fields": {"latitude": null, "longitude": null, "state_name": "Orrisa", "capital_name": null}, "model": "rtiapp.state", "pk": 20}, {"fields": {"latitude": null, "longitude": null, "state_name": "Punjab", "capital_name": null}, "model": "rtiapp.state", "pk": 21}, {"fields": {"latitude": null, "longitude": null, "state_name": "Rajasthan", "capital_name": null}, "model": "rtiapp.state", "pk": 22}, {"fields": {"latitude": null, "longitude": null, "state_name": "Sikkim", "capital_name": null}, "model": "rtiapp.state", "pk": 23}, {"fields": {"latitude": null, "longitude": null, "state_name": "Tamil Nadu", "capital_name": null}, "model": "rtiapp.state", "pk": 24}, {"fields": {"latitude": null, "longitude": null, "state_name": "Tripura", "capital_name": null}, "model": "rtiapp.state", "pk": 25}, {"fields": {"latitude": null, "longitude": null, "state_name": "Uttar Pradesh", "capital_name": null}, "model": "rtiapp.state", "pk": 26}, {"fields": {"latitude": null, "longitude": null, "state_name": "Uttarakhand", "capital_name": null}, "model": "rtiapp.state", "pk": 27}, {"fields": {"latitude": null, "longitude": null, "state_name": "West Bengal", "capital_name": null}, "model": "rtiapp.state", "pk": 28}, {"fields": {"password": "", "first_name": "", "last_name": "", "verified": true, "verification_code": "5CJEEM58K9V705ZUGP9BR9Q777N9AL"}, "model": "rtiapp.email_user", "pk": ""}, {"fields": {"password": "kumaresh", "first_name": "Kumaresh", "last_name": "Gupta", "verified": false, "verification_code": "T37N8L7208OQL81CT1SEUZJYF6AFPV"}, "model": "rtiapp.email_user", "pk": "2hu7f3+6lvcz4u6k5eo@sharklasers.com"}, {"fields": {"password": "p", "first_name": "qw", "last_name": "q", "verified": false, "verification_code": "8IIAA3JKJZ9WV9P0BIYTD53H0VV2XI"}, "model": "rtiapp.email_user", "pk": "ewhfjkwhef@klsdfjkldsfjlsdjf.com"}, {"fields": {"password": "hello", "first_name": "hello", "last_name": "hello", "verified": true, "verification_code": "OS55ZLMDY30D7QZTLI336IR2VA7VAR"}, "model": "rtiapp.email_user", "pk": "hello@sharklasers.com"}, {"fields": {"password": "qwerty", "first_name": "Shubham", "last_name": "Pratap", "verified": true, "verification_code": "AEEPT1HTWM8LM8H6CVUTXON6TY368P"}, "model": "rtiapp.email_user", "pk": "luckymangosp11@gmail.com"}, {"fields": {"password": "paarth22", "first_name": "paarth", "last_name": "neekhara", "verified": true, "verification_code": "NKQSO97EPHJWSYZDXN3GD4N0GNR111"}, "model": "rtiapp.email_user", "pk": "paarth.n@gmail.com"}, {"fields": {"password": "rtist", "first_name": "rtist", "last_name": "rtist", "verified": true, "verification_code": "YWZGZWH61X6RY6NG4IA3EQDAMXO2YB"}, "model": "rtiapp.email_user", "pk": "rtist@localhost.com"}, {"fields": {"password": "seema22", "first_name": "seema", "last_name": "gupta", "verified": true, "verification_code": "4KMH1118ECP68IS38UIXOSAMOFV73H"}, "model": "rtiapp.email_user", "pk": "simagupta93@gmail.com"}, {"fields": {"password": "123qweasd", "first_name": "Vikas", "last_name": "Yadav", "verified": true, "verification_code": "3WTMOTEIMOZSHV8U8AB6OR7FPVLYTQ"}, "model": "rtiapp.email_user", "pk": "wicked.yadav@gmail.com"}, {"fields": {"website": "http://darpg.gov.in/", "department_type": "centre", "department_name": "Department of Administrative Reforms & PG"}, "model": "rtiapp.department", "pk": 1}, {"fields": {"website": "http://dare.nic.in", "department_type": "centre", "department_name": "Department of Agricultural Research & Education"}, "model": "rtiapp.department", "pk": 2}, {"fields": {"website": "http://agricoop.nic.in", "department_type": "centre", "department_name": "Department of Agriculture & Cooperation"}, "model": "rtiapp.department", "pk": 3}, {"fields": {"website": "http://www.naco.gov.in/NACO", "department_type": "centre", "department_name": "Department of AIDS Control"}, "model": "rtiapp.department", "pk": 4}, {"fields": {"website": "http://dahd.nic.in/animal.htm", "department_type": "centre", "department_name": "Department of Animal Husbandry Dairying and Fisheries"}, "model": "rtiapp.department", "pk": 5}, {"fields": {"website": "http://www.indianmedicine.nic.in", "department_type": "centre", "department_name": "Department of AYUSH"}, "model": "rtiapp.department", "pk": 6}, {"fields": {"website": "http://dbtindia.nic.in", "department_type": "centre", "department_name": "Department of Bio-Technology"}, "model": "rtiapp.department", "pk": 7}, {"fields": {"website": "http://chemicals.nic.in/", "department_type": "centre", "department_name": "Department of Chemicals & Petrochemicals"}, "model": "rtiapp.department", "pk": 8}, {"fields": {"website": "http://commerce.nic.in", "department_type": "centre", "department_name": "Department of Commerce"}, "model": "rtiapp.department", "pk": 9}, {"fields": {"website": "http://consumeraffairs.nic.in", "department_type": "centre", "department_name": "Department of Consumer Affairs"}, "model": "rtiapp.department", "pk": 10}, {"fields": {"website": "http://www.mod.nic.in", "department_type": "centre", "department_name": "Department of Defence"}, "model": "rtiapp.department", "pk": 11}, {"fields": {"website": "http://ddpmod.gov.in", "department_type": "centre", "department_name": "Department of Defence Production"}, "model": "rtiapp.department", "pk": 12}, {"fields": {"website": "http://www.drdo.gov.in/", "department_type": "centre", "department_name": "Department of Defence Research & Development"}, "model": "rtiapp.department", "pk": 13}, {"fields": {"website": "http://www.divest.nic.in/", "department_type": "centre", "department_name": "Department of Disinvestment"}, "model": "rtiapp.department", "pk": 14}, {"fields": {"website": "http://finmin.nic.in/the_ministry/dept_eco_affairs/dea.asp", "department_type": "centre", "department_name": "Department of Economic Affairs"}, "model": "rtiapp.department", "pk": 15}, {"fields": {"website": "http://finmin.nic.in/the_ministry/dept_expenditure/index.asp", "department_type": "centre", "department_name": "Department of Expenditure"}, "model": "rtiapp.department", "pk": 16}, {"fields": {"website": "http://desw.gov.in", "department_type": "centre", "department_name": "Department of Ex-Servicemen Welfare"}, "model": "rtiapp.department", "pk": 17}, {"fields": {"website": "http://fert.nic.in/index.htm", "department_type": "centre", "department_name": "Department of Fertilisers"}, "model": "rtiapp.department", "pk": 18}, {"fields": {"website": "", "department_type": "centre", "department_name": "Department of Financial Services"}, "model": "rtiapp.department", "pk": 19}, {"fields": {"website": "http://www.fcamin.nic.in/dfpd_html/index.asp", "department_type": "centre", "department_name": "Department of Food & Public Distribution"}, "model": "rtiapp.department", "pk": 20}, {"fields": {"website": "http://www.mohfw.nic.in/", "department_type": "centre", "department_name": "Department of Health & Family Welfare"}, "model": "rtiapp.department", "pk": 21}, {"fields": {"website": "http://www.dhr.gov.in", "department_type": "centre", "department_name": "Department of Health Research"}, "model": "rtiapp.department", "pk": 22}, {"fields": {"website": "http://dhi.nic.in", "department_type": "centre", "department_name": "Department of Heavy Industries"}, "model": "rtiapp.department", "pk": 23}, {"fields": {"website": "http://mhrd.gov.in/higher_education", "department_type": "centre", "department_name": "Department of Higher Education"}, "model": "rtiapp.department", "pk": 24}, {"fields": {"website": "http://mha.nic.in/uniquepage.asp?Id_Pk=225", "department_type": "centre", "department_name": "Department of Home"}, "model": "rtiapp.department", "pk": 25}, {"fields": {"website": "http://dipp.nic.in/", "department_type": "centre", "department_name": "Department of Industrial Policy & Promotion"}, "model": "rtiapp.department", "pk": 26}, {"fields": {"website": "http://mit.gov.in/", "department_type": "centre", "department_name": "Department of Information Technology"}, "model": "rtiapp.department", "pk": 27}, {"fields": {"website": "http://lawmin.nic.in/doj/", "department_type": "centre", "department_name": "Department of Justice"}, "model": "rtiapp.department", "pk": 28}, {"fields": {"website": "http://dolr.nic.in", "department_type": "centre", "department_name": "Department of Land Resources"}, "model": "rtiapp.department", "pk": 29}, {"fields": {"website": "http://lawmin.nic.in/Legal.htm", "department_type": "centre", "department_name": "Department of Legal Affairs"}, "model": "rtiapp.department", "pk": 30}, {"fields": {"website": "http://persmin.nic.in/pension/", "department_type": "centre", "department_name": "Department of Pensions & Pensioners Welfare"}, "model": "rtiapp.department", "pk": 31}, {"fields": {"website": "http://persmin.nic.in", "department_type": "centre", "department_name": "Department of Personnel & Training"}, "model": "rtiapp.department", "pk": 32}, {"fields": {"website": "http://pharmaceuticals.gov.in", "department_type": "centre", "department_name": "Department of Pharmaceuticals"}, "model": "rtiapp.department", "pk": 33}, {"fields": {"website": "http://www.indiapost.gov.in", "department_type": "centre", "department_name": "Department of Posts"}, "model": "rtiapp.department", "pk": 34}, {"fields": {"website": "http://dpe.nic.in", "department_type": "centre", "department_name": "Department of Public Enterprises"}, "model": "rtiapp.department", "pk": 35}, {"fields": {"website": "http://dor.gov.in", "department_type": "centre", "department_name": "Department of Revenue"}, "model": "rtiapp.department", "pk": 36}, {"fields": {"website": "http://rural.nic.in/", "department_type": "centre", "department_name": "Department of Rural Development"}, "model": "rtiapp.department", "pk": 37}, {"fields": {"website": "http://mhrd.gov.in/schooleducation", "department_type": "centre", "department_name": "Department of School Education and Literacy"}, "model": "rtiapp.department", "pk": 38}, {"fields": {"website": "http://www.dst.gov.in", "department_type": "centre", "department_name": "Department of Science & Technology"}, "model": "rtiapp.department", "pk": 39}, {"fields": {"website": "http://www.dsir.gov.in/", "department_type": "centre", "department_name": "Department of Scientific & Industrial Research"}, "model": "rtiapp.department", "pk": 40}, {"fields": {"website": "http://www.dot.gov.in/", "department_type": "centre", "department_name": "Department of Telecommunications"}, "model": "rtiapp.department", "pk": 41}, {"fields": {"website": "http://lawmin.nic.in/Legis.htm", "department_type": "centre", "department_name": "Legislative Department"}, "model": "rtiapp.department", "pk": 42}, {"fields": {"website": null, "department_type": "state", "department_name": "Dep1 Andhra Pradesh"}, "model": "rtiapp.department", "pk": 43}, {"fields": {"website": null, "department_type": "state", "department_name": "Dep2 Andhra Pradesh"}, "model": "rtiapp.department", "pk": 44}, {"fields": {"website": null, "department_type": "state", "department_name": "Dep3 Andhra Pradesh"}, "model": "rtiapp.department", "pk": 45}, {"fields": {"website": null, "department_type": "state", "department_name": "Dep1 Arunachal Pradesh"}, "model": "rtiapp.department", "pk": 46}, {"fields": {"website": null, "department_type": "state", "department_name": "Dep2 Arunachal Pradesh"}, "model": "rtiapp.department", "pk": 47}, {"fields": {"website": null, "department_type": "state", "department_name": "Dep3 Arunachal Pradesh"}, "model": "rtiapp.department", "pk": 48}, {"fields": {"website": null, "department_type": "state", "department_name": "Dep1 Assam"}, "model": "rtiapp.department", "pk": 49}, {"fields": {"website": null, "department_type": "state", "department_name": "Dep2 Assam"}, "model": "rtiapp.department", "pk": 50}, {"fields": {"website": null, "department_type": "state", "department_name": "Dep3 Assam"}, "model": "rtiapp.department", "pk": 51}, {"fields": {"website": null, "department_type": "state", "department_name": "Dep1 Bihar"}, "model": "rtiapp.department", "pk": 52}, {"fields": {"website": null, "department_type": "state", "department_name": "Dep2 Bihar"}, "model": "rtiapp.department", "pk": 53}, {"fields": {"website": null, "department_type": "state", "department_name": "Dep3 Bihar"}, "model": "rtiapp.department", "pk": 54}, {"fields": {"website": null, "department_type": "state", "department_name": "Dep1 Chhattisgarh"}, "model": "rtiapp.department", "pk": 55}, {"fields": {"website": null, "department_type": "state", "department_name": "Dep2 Chhattisgarh"}, "model": "rtiapp.department", "pk": 56}, {"fields": {"website": null, "department_type": "state", "department_name": "Dep3 Chhattisgarh"}, "model": "rtiapp.department", "pk": 57}, {"fields": {"website": null, "department_type": "state", "department_name": "Dep1 Goa"}, "model": "rtiapp.department", "pk": 58}, {"fields": {"website": null, "department_type": "state", "department_name": "Dep2 Goa"}, "model": "rtiapp.department", "pk": 59}, {"fields": {"website": null, "department_type": "state", "department_name": "Dep3 Goa"}, "model": "rtiapp.department", "pk": 60}, {"fields": {"website": null, "department_type": "state", "department_name": "Dep1 Gujarat"}, "model": "rtiapp.department", "pk": 61}, {"fields": {"website": null, "department_type": "state", "department_name": "Dep2 Gujarat"}, "model": "rtiapp.department", "pk": 62}, {"fields": {"website": null, "department_type": "state", "department_name": "Dep3 Gujarat"}, "model": "rtiapp.department", "pk": 63}, {"fields": {"website": null, "department_type": "state", "department_name": "Dep1 Haryana"}, "model": "rtiapp.department", "pk": 64}, {"fields": {"website": null, "department_type": "state", "department_name": "Dep2 Haryana"}, "model": "rtiapp.department", "pk": 65}, {"fields": {"website": null, "department_type": "state", "department_name": "Dep3 Haryana"}, "model": "rtiapp.department", "pk": 66}, {"fields": {"website": null, "department_type": "state", "department_name": "Dep1 Himachal Pradesh"}, "model": "rtiapp.department", "pk": 67}, {"fields": {"website": null, "department_type": "state", "department_name": "Dep2 Himachal Pradesh"}, "model": "rtiapp.department", "pk": 68}, {"fields": {"website": null, "department_type": "state", "department_name": "Dep3 Himachal Pradesh"}, "model": "rtiapp.department", "pk": 69}, {"fields": {"website": null, "department_type": "state", "department_name": "Dep1 Jammu and Kashmir"}, "model": "rtiapp.department", "pk": 70}, {"fields": {"website": null, "department_type": "state", "department_name": "Dep2 Jammu and Kashmir"}, "model": "rtiapp.department", "pk": 71}, {"fields": {"website": null, "department_type": "state", "department_name": "Dep3 Jammu and Kashmir"}, "model": "rtiapp.department", "pk": 72}, {"fields": {"website": null, "department_type": "state", "department_name": "Dep1 Jharkhand"}, "model": "rtiapp.department", "pk": 73}, {"fields": {"website": null, "department_type": "state", "department_name": "Dep2 Jharkhand"}, "model": "rtiapp.department", "pk": 74}, {"fields": {"website": null, "department_type": "state", "department_name": "Dep3 Jharkhand"}, "model": "rtiapp.department", "pk": 75}, {"fields": {"website": null, "department_type": "state", "department_name": "Dep1 Karnataka"}, "model": "rtiapp.department", "pk": 76}, {"fields": {"website": null, "department_type": "state", "department_name": "Dep2 Karnataka"}, "model": "rtiapp.department", "pk": 77}, {"fields": {"website": null, "department_type": "state", "department_name": "Dep3 Karnataka"}, "model": "rtiapp.department", "pk": 78}, {"fields": {"website": null, "department_type": "state", "department_name": "Dep1 Kerala"}, "model": "rtiapp.department", "pk": 79}, {"fields": {"website": null, "department_type": "state", "department_name": "Dep2 Kerala"}, "model": "rtiapp.department", "pk": 80}, {"fields": {"website": null, "department_type": "state", "department_name": "Dep3 Kerala"}, "model": "rtiapp.department", "pk": 81}, {"fields": {"website": null, "department_type": "state", "department_name": "Dep1 Madhya Pradesh"}, "model": "rtiapp.department", "pk": 82}, {"fields": {"website": null, "department_type": "state", "department_name": "Dep2 Madhya Pradesh"}, "model": "rtiapp.department", "pk": 83}, {"fields": {"website": null, "department_type": "state", "department_name": "Dep3 Madhya Pradesh"}, "model": "rtiapp.department", "pk": 84}, {"fields": {"website": null, "department_type": "state", "department_name": "Dep1 Maharashtra"}, "model": "rtiapp.department", "pk": 85}, {"fields": {"website": null, "department_type": "state", "department_name": "Dep2 Maharashtra"}, "model": "rtiapp.department", "pk": 86}, {"fields": {"website": null, "department_type": "state", "department_name": "Dep3 Maharashtra"}, "model": "rtiapp.department", "pk": 87}, {"fields": {"website": null, "department_type": "state", "department_name": "Dep1 Manipur"}, "model": "rtiapp.department", "pk": 88}, {"fields": {"website": null, "department_type": "state", "department_name": "Dep2 Manipur"}, "model": "rtiapp.department", "pk": 89}, {"fields": {"website": null, "department_type": "state", "department_name": "Dep3 Manipur"}, "model": "rtiapp.department", "pk": 90}, {"fields": {"website": null, "department_type": "state", "department_name": "Dep1 Meghalaya"}, "model": "rtiapp.department", "pk": 91}, {"fields": {"website": null, "department_type": "state", "department_name": "Dep2 Meghalaya"}, "model": "rtiapp.department", "pk": 92}, {"fields": {"website": null, "department_type": "state", "department_name": "Dep3 Meghalaya"}, "model": "rtiapp.department", "pk": 93}, {"fields": {"website": null, "department_type": "state", "department_name": "Dep1 Mizoram"}, "model": "rtiapp.department", "pk": 94}, {"fields": {"website": null, "department_type": "state", "department_name": "Dep2 Mizoram"}, "model": "rtiapp.department", "pk": 95}, {"fields": {"website": null, "department_type": "state", "department_name": "Dep3 Mizoram"}, "model": "rtiapp.department", "pk": 96}, {"fields": {"website": null, "department_type": "state", "department_name": "Dep1 Nagaland"}, "model": "rtiapp.department", "pk": 97}, {"fields": {"website": null, "department_type": "state", "department_name": "Dep2 Nagaland"}, "model": "rtiapp.department", "pk": 98}, {"fields": {"website": null, "department_type": "state", "department_name": "Dep3 Nagaland"}, "model": "rtiapp.department", "pk": 99}, {"fields": {"website": null, "department_type": "state", "department_name": "Dep1 Orrisa"}, "model": "rtiapp.department", "pk": 100}, {"fields": {"website": null, "department_type": "state", "department_name": "Dep2 Orrisa"}, "model": "rtiapp.department", "pk": 101}, {"fields": {"website": null, "department_type": "state", "department_name": "Dep3 Orrisa"}, "model": "rtiapp.department", "pk": 102}, {"fields": {"website": null, "department_type": "state", "department_name": "Dep1 Punjab"}, "model": "rtiapp.department", "pk": 103}, {"fields": {"website": null, "department_type": "state", "department_name": "Dep2 Punjab"}, "model": "rtiapp.department", "pk": 104}, {"fields": {"website": null, "department_type": "state", "department_name": "Dep3 Punjab"}, "model": "rtiapp.department", "pk": 105}, {"fields": {"website": null, "department_type": "state", "department_name": "Dep1 Rajasthan"}, "model": "rtiapp.department", "pk": 106}, {"fields": {"website": null, "department_type": "state", "department_name": "Dep2 Rajasthan"}, "model": "rtiapp.department", "pk": 107}, {"fields": {"website": null, "department_type": "state", "department_name": "Dep3 Rajasthan"}, "model": "rtiapp.department", "pk": 108}, {"fields": {"website": null, "department_type": "state", "department_name": "Dep1 Sikkim"}, "model": "rtiapp.department", "pk": 109}, {"fields": {"website": null, "department_type": "state", "department_name": "Dep2 Sikkim"}, "model": "rtiapp.department", "pk": 110}, {"fields": {"website": null, "department_type": "state", "department_name": "Dep3 Sikkim"}, "model": "rtiapp.department", "pk": 111}, {"fields": {"website": null, "department_type": "state", "department_name": "Dep1 Tamil Nadu"}, "model": "rtiapp.department", "pk": 112}, {"fields": {"website": null, "department_type": "state", "department_name": "Dep2 Tamil Nadu"}, "model": "rtiapp.department", "pk": 113}, {"fields": {"website": null, "department_type": "state", "department_name": "Dep3 Tamil Nadu"}, "model": "rtiapp.department", "pk": 114}, {"fields": {"website": null, "department_type": "state", "department_name": "Dep1 Tripura"}, "model": "rtiapp.department", "pk": 115}, {"fields": {"website": null, "department_type": "state", "department_name": "Dep2 Tripura"}, "model": "rtiapp.department", "pk": 116}, {"fields": {"website": null, "department_type": "state", "department_name": "Dep3 Tripura"}, "model": "rtiapp.department", "pk": 117}, {"fields": {"website": null, "department_type": "state", "department_name": "Dep1 Uttar Pradesh"}, "model": "rtiapp.department", "pk": 118}, {"fields": {"website": null, "department_type": "state", "department_name": "Dep2 Uttar Pradesh"}, "model": "rtiapp.department", "pk": 119}, {"fields": {"website": null, "department_type": "state", "department_name": "Dep3 Uttar Pradesh"}, "model": "rtiapp.department", "pk": 120}, {"fields": {"website": null, "department_type": "state", "department_name": "Dep1 Uttarakhand"}, "model": "rtiapp.department", "pk": 121}, {"fields": {"website": null, "department_type": "state", "department_name": "Dep2 Uttarakhand"}, "model": "rtiapp.department", "pk": 122}, {"fields": {"website": null, "department_type": "state", "department_name": "Dep3 Uttarakhand"}, "model": "rtiapp.department", "pk": 123}, {"fields": {"website": null, "department_type": "state", "department_name": "Dep1 West Bengal"}, "model": "rtiapp.department", "pk": 124}, {"fields": {"website": null, "department_type": "state", "department_name": "Dep2 West Bengal"}, "model": "rtiapp.department", "pk": 125}, {"fields": {"website": null, "department_type": "state", "department_name": "Dep3 West Bengal"}, "model": "rtiapp.department", "pk": 126}, {"fields": {"department": 1, "authority_name": "Secretary"}, "model": "rtiapp.authority", "pk": 1}, {"fields": {"department": 118, "authority_name": "RTO"}, "model": "rtiapp.authority", "pk": 2}, {"fields": {"department": 58, "authority_name": "Ind. Trip"}, "model": "rtiapp.authority", "pk": 3}, {"fields": {"department": 118, "authority_name": "Police Department"}, "model": "rtiapp.authority", "pk": 4}, {"fields": {"department": 1, "authority_name": "w"}, "model": "rtiapp.authority", "pk": 5}, {"fields": {"department": 1, "authority_name": "Admin"}, "model": "rtiapp.authority", "pk": 6}, {"fields": {"department": 43, "state": 1}, "model": "rtiapp.state_department", "pk": 1}, {"fields": {"department": 44, "state": 1}, "model": "rtiapp.state_department", "pk": 2}, {"fields": {"department": 45, "state": 1}, "model": "rtiapp.state_department", "pk": 3}, {"fields": {"department": 46, "state": 2}, "model": "rtiapp.state_department", "pk": 4}, {"fields": {"department": 47, "state": 2}, "model": "rtiapp.state_department", "pk": 5}, {"fields": {"department": 48, "state": 2}, "model": "rtiapp.state_department", "pk": 6}, {"fields": {"department": 49, "state": 3}, "model": "rtiapp.state_department", "pk": 7}, {"fields": {"department": 50, "state": 3}, "model": "rtiapp.state_department", "pk": 8}, {"fields": {"department": 51, "state": 3}, "model": "rtiapp.state_department", "pk": 9}, {"fields": {"department": 52, "state": 4}, "model": "rtiapp.state_department", "pk": 10}, {"fields": {"department": 53, "state": 4}, "model": "rtiapp.state_department", "pk": 11}, {"fields": {"department": 54, "state": 4}, "model": "rtiapp.state_department", "pk": 12}, {"fields": {"department": 55, "state": 5}, "model": "rtiapp.state_department", "pk": 13}, {"fields": {"department": 56, "state": 5}, "model": "rtiapp.state_department", "pk": 14}, {"fields": {"department": 57, "state": 5}, "model": "rtiapp.state_department", "pk": 15}, {"fields": {"department": 58, "state": 6}, "model": "rtiapp.state_department", "pk": 16}, {"fields": {"department": 59, "state": 6}, "model": "rtiapp.state_department", "pk": 17}, {"fields": {"department": 60, "state": 6}, "model": "rtiapp.state_department", "pk": 18}, {"fields": {"department": 61, "state": 7}, "model": "rtiapp.state_department", "pk": 19}, {"fields": {"department": 62, "state": 7}, "model": "rtiapp.state_department", "pk": 20}, {"fields": {"department": 63, "state": 7}, "model": "rtiapp.state_department", "pk": 21}, {"fields": {"department": 64, "state": 8}, "model": "rtiapp.state_department", "pk": 22}, {"fields": {"department": 65, "state": 8}, "model": "rtiapp.state_department", "pk": 23}, {"fields": {"department": 66, "state": 8}, "model": "rtiapp.state_department", "pk": 24}, {"fields": {"department": 67, "state": 9}, "model": "rtiapp.state_department", "pk": 25}, {"fields": {"department": 68, "state": 9}, "model": "rtiapp.state_department", "pk": 26}, {"fields": {"department": 69, "state": 9}, "model": "rtiapp.state_department", "pk": 27}, {"fields": {"department": 70, "state": 10}, "model": "rtiapp.state_department", "pk": 28}, {"fields": {"department": 71, "state": 10}, "model": "rtiapp.state_department", "pk": 29}, {"fields": {"department": 72, "state": 10}, "model": "rtiapp.state_department", "pk": 30}, {"fields": {"department": 73, "state": 11}, "model": "rtiapp.state_department", "pk": 31}, {"fields": {"department": 74, "state": 11}, "model": "rtiapp.state_department", "pk": 32}, {"fields": {"department": 75, "state": 11}, "model": "rtiapp.state_department", "pk": 33}, {"fields": {"department": 76, "state": 12}, "model": "rtiapp.state_department", "pk": 34}, {"fields": {"department": 77, "state": 12}, "model": "rtiapp.state_department", "pk": 35}, {"fields": {"department": 78, "state": 12}, "model": "rtiapp.state_department", "pk": 36}, {"fields": {"department": 79, "state": 13}, "model": "rtiapp.state_department", "pk": 37}, {"fields": {"department": 80, "state": 13}, "model": "rtiapp.state_department", "pk": 38}, {"fields": {"department": 81, "state": 13}, "model": "rtiapp.state_department", "pk": 39}, {"fields": {"department": 82, "state": 14}, "model": "rtiapp.state_department", "pk": 40}, {"fields": {"department": 83, "state": 14}, "model": "rtiapp.state_department", "pk": 41}, {"fields": {"department": 84, "state": 14}, "model": "rtiapp.state_department", "pk": 42}, {"fields": {"department": 85, "state": 15}, "model": "rtiapp.state_department", "pk": 43}, {"fields": {"department": 86, "state": 15}, "model": "rtiapp.state_department", "pk": 44}, {"fields": {"department": 87, "state": 15}, "model": "rtiapp.state_department", "pk": 45}, {"fields": {"department": 88, "state": 16}, "model": "rtiapp.state_department", "pk": 46}, {"fields": {"department": 89, "state": 16}, "model": "rtiapp.state_department", "pk": 47}, {"fields": {"department": 90, "state": 16}, "model": "rtiapp.state_department", "pk": 48}, {"fields": {"department": 91, "state": 17}, "model": "rtiapp.state_department", "pk": 49}, {"fields": {"department": 92, "state": 17}, "model": "rtiapp.state_department", "pk": 50}, {"fields": {"department": 93, "state": 17}, "model": "rtiapp.state_department", "pk": 51}, {"fields": {"department": 94, "state": 18}, "model": "rtiapp.state_department", "pk": 52}, {"fields": {"department": 95, "state": 18}, "model": "rtiapp.state_department", "pk": 53}, {"fields": {"department": 96, "state": 18}, "model": "rtiapp.state_department", "pk": 54}, {"fields": {"department": 97, "state": 19}, "model": "rtiapp.state_department", "pk": 55}, {"fields": {"department": 98, "state": 19}, "model": "rtiapp.state_department", "pk": 56}, {"fields": {"department": 99, "state": 19}, "model": "rtiapp.state_department", "pk": 57}, {"fields": {"department": 100, "state": 20}, "model": "rtiapp.state_department", "pk": 58}, {"fields": {"department": 101, "state": 20}, "model": "rtiapp.state_department", "pk": 59}, {"fields": {"department": 102, "state": 20}, "model": "rtiapp.state_department", "pk": 60}, {"fields": {"department": 103, "state": 21}, "model": "rtiapp.state_department", "pk": 61}, {"fields": {"department": 104, "state": 21}, "model": "rtiapp.state_department", "pk": 62}, {"fields": {"department": 105, "state": 21}, "model": "rtiapp.state_department", "pk": 63}, {"fields": {"department": 106, "state": 22}, "model": "rtiapp.state_department", "pk": 64}, {"fields": {"department": 107, "state": 22}, "model": "rtiapp.state_department", "pk": 65}, {"fields": {"department": 108, "state": 22}, "model": "rtiapp.state_department", "pk": 66}, {"fields": {"department": 109, "state": 23}, "model": "rtiapp.state_department", "pk": 67}, {"fields": {"department": 110, "state": 23}, "model": "rtiapp.state_department", "pk": 68}, {"fields": {"department": 111, "state": 23}, "model": "rtiapp.state_department", "pk": 69}, {"fields": {"department": 112, "state": 24}, "model": "rtiapp.state_department", "pk": 70}, {"fields": {"department": 113, "state": 24}, "model": "rtiapp.state_department", "pk": 71}, {"fields": {"department": 114, "state": 24}, "model": "rtiapp.state_department", "pk": 72}, {"fields": {"department": 115, "state": 25}, "model": "rtiapp.state_department", "pk": 73}, {"fields": {"department": 116, "state": 25}, "model": "rtiapp.state_department", "pk": 74}, {"fields": {"department": 117, "state": 25}, "model": "rtiapp.state_department", "pk": 75}, {"fields": {"department": 118, "state": 26}, "model": "rtiapp.state_department", "pk": 76}, {"fields": {"department": 119, "state": 26}, "model": "rtiapp.state_department", "pk": 77}, {"fields": {"department": 120, "state": 26}, "model": "rtiapp.state_department", "pk": 78}, {"fields": {"department": 121, "state": 27}, "model": "rtiapp.state_department", "pk": 79}, {"fields": {"department": 122, "state": 27}, "model": "rtiapp.state_department", "pk": 80}, {"fields": {"department": 123, "state": 27}, "model": "rtiapp.state_department", "pk": 81}, {"fields": {"department": 124, "state": 28}, "model": "rtiapp.state_department", "pk": 82}, {"fields": {"department": 125, "state": 28}, "model": "rtiapp.state_department", "pk": 83}, {"fields": {"department": 126, "state": 28}, "model": "rtiapp.state_department", "pk": 84}, {"fields": {"query_picture": "query_pictures/BOSS-Route.pdf", "query_document": "", "rti_query": 2}, "model": "rtiapp.rti_query_file", "pk": 1}, {"fields": {"query_picture": "query_pictures/12341070_1233587276668315_6372032918286187972_n.jpg", "query_document": "", "rti_query": 4}, "model": "rtiapp.rti_query_file", "pk": 3}, {"fields": {"query_picture": "query_pictures/14506963246231190424035.jpg", "query_document": "", "rti_query": 5}, "model": "rtiapp.rti_query_file", "pk": 4}, {"fields": {"response_text": "<p>We are sorry for the delay in you ration card. It will be dispatched ASAP.</p>", "update_date": "2015-12-15T19:23:25Z", "rti_response_date": "2015-04-01T18:30:00Z", "entry_date": "2015-12-15T19:23:25Z"}, "model": "rtiapp.rti_response", "pk": 1}, {"fields": {"response_text": "<p>Police inspector was suspended on 21/1/15. Hope this satisfies you concern&nbsp;</p>", "update_date": "2015-12-17T05:48:52Z", "rti_response_date": "2014-12-31T18:30:00Z", "entry_date": "2015-12-17T05:48:52Z"}, "model": "rtiapp.rti_response", "pk": 4}, {"fields": {"response_document": "", "response_picture": "query_pictures/Screen_Shot_2015-12-06_at_11.26.24_am.png", "rti_response": 1}, "model": "rtiapp.rti_response_file", "pk": 1}, {"fields": {"response_document": "", "response_picture": "query_pictures/Navig8_Riverside_abstract.png", "rti_response": 4}, "model": "rtiapp.rti_response_file", "pk": 2}, {"fields": {"tag_text": "rationcard", "entry_date": "2015-12-15T19:20:28Z"}, "model": "rtiapp.tag", "pk": 1}, {"fields": {"tag_text": "corruption", "entry_date": "2015-12-15T19:20:29Z"}, "model": "rtiapp.tag", "pk": 2}, {"fields": {"tag_text": "licence", "entry_date": "2015-12-15T19:41:19Z"}, "model": "rtiapp.tag", "pk": 3}, {"fields": {"tag_text": "GOA", "entry_date": "2015-12-15T20:07:19Z"}, "model": "rtiapp.tag", "pk": 4}, {"fields": {"tag_text": "lucknow", "entry_date": "2015-12-16T14:07:55Z"}, "model": "rtiapp.tag", "pk": 5}, {"fields": {"tag_text": "police", "entry_date": "2015-12-16T14:07:56Z"}, "model": "rtiapp.tag", "pk": 6}, {"fields": {"tag_text": "policedept.", "entry_date": "2015-12-16T14:07:57Z"}, "model": "rtiapp.tag", "pk": 7}, {"fields": {"tag_text": "brutalface", "entry_date": "2015-12-16T14:07:58Z"}, "model": "rtiapp.tag", "pk": 8}, {"fields": {"tag_text": "cruelpolice", "entry_date": "2015-12-16T14:07:59Z"}, "model": "rtiapp.tag", "pk": 9}, {"fields": {"tag_text": "Jagograhakjago", "entry_date": "2015-12-21T11:13:45Z"}, "model": "rtiapp.tag", "pk": 10}, {"fields": {"tag": 1, "entry_date": "2015-12-15T19:20:29Z", "rti_query": 1}, "model": "rtiapp.rti_tag", "pk": 1}, {"fields": {"tag": 2, "entry_date": "2015-12-15T19:20:29Z", "rti_query": 1}, "model": "rtiapp.rti_tag", "pk": 2}, {"fields": {"tag": 3, "entry_date": "2015-12-15T19:41:19Z", "rti_query": 2}, "model": "rtiapp.rti_tag", "pk": 3}, {"fields": {"tag": 2, "entry_date": "2015-12-15T19:41:19Z", "rti_query": 2}, "model": "rtiapp.rti_tag", "pk": 4}, {"fields": {"tag": 5, "entry_date": "2015-12-16T14:07:55Z", "rti_query": 4}, "model": "rtiapp.rti_tag", "pk": 6}, {"fields": {"tag": 6, "entry_date": "2015-12-16T14:07:57Z", "rti_query": 4}, "model": "rtiapp.rti_tag", "pk": 7}, {"fields": {"tag": 7, "entry_date": "2015-12-16T14:07:58Z", "rti_query": 4}, "model": "rtiapp.rti_tag", "pk": 8}, {"fields": {"tag": 8, "entry_date": "2015-12-16T14:07:59Z", "rti_query": 4}, "model": "rtiapp.rti_tag", "pk": 9}, {"fields": {"tag": 9, "entry_date": "2015-12-16T14:07:59Z", "rti_query": 4}, "model": "rtiapp.rti_tag", "pk": 10}, {"fields": {"tag": 2, "entry_date": "2015-12-21T11:13:45Z", "rti_query": 5}, "model": "rtiapp.rti_tag", "pk": 11}, {"fields": {"tag": 10, "entry_date": "2015-12-21T11:13:45Z", "rti_query": 5}, "model": "rtiapp.rti_tag", "pk": 12}, {"fields": {"codename": "add_logentry", "name": "Can add log entry", "content_type": 1}, "model": "auth.permission", "pk": 1}, {"fields": {"codename": "change_logentry", "name": "Can change log entry", "content_type": 1}, "model": "auth.permission", "pk": 2}, {"fields": {"codename": "delete_logentry", "name": "Can delete log entry", "content_type": 1}, "model": "auth.permission", "pk": 3}, {"fields": {"codename": "add_permission", "name": "Can add permission", "content_type": 2}, "model": "auth.permission", "pk": 4}, {"fields": {"codename": "change_permission", "name": "Can change permission", "content_type": 2}, "model": "auth.permission", "pk": 5}, {"fields": {"codename": "delete_permission", "name": "Can delete permission", "content_type": 2}, "model": "auth.permission", "pk": 6}, {"fields": {"codename": "add_group", "name": "Can add group", "content_type": 3}, "model": "auth.permission", "pk": 7}, {"fields": {"codename": "change_group", "name": "Can change group", "content_type": 3}, "model": "auth.permission", "pk": 8}, {"fields": {"codename": "delete_group", "name": "Can delete group", "content_type": 3}, "model": "auth.permission", "pk": 9}, {"fields": {"codename": "add_user", "name": "Can add user", "content_type": 4}, "model": "auth.permission", "pk": 10}, {"fields": {"codename": "change_user", "name": "Can change user", "content_type": 4}, "model": "auth.permission", "pk": 11}, {"fields": {"codename": "delete_user", "name": "Can delete user", "content_type": 4}, "model": "auth.permission", "pk": 12}, {"fields": {"codename": "add_contenttype", "name": "Can add content type", "content_type": 5}, "model": "auth.permission", "pk": 13}, {"fields": {"codename": "change_contenttype", "name": "Can change content type", "content_type": 5}, "model": "auth.permission", "pk": 14}, {"fields": {"codename": "delete_contenttype", "name": "Can delete content type", "content_type": 5}, "model": "auth.permission", "pk": 15}, {"fields": {"codename": "add_session", "name": "Can add session", "content_type": 6}, "model": "auth.permission", "pk": 16}, {"fields": {"codename": "change_session", "name": "Can change session", "content_type": 6}, "model": "auth.permission", "pk": 17}, {"fields": {"codename": "delete_session", "name": "Can delete session", "content_type": 6}, "model": "auth.permission", "pk": 18}, {"fields": {"codename": "add_site", "name": "Can add site", "content_type": 7}, "model": "auth.permission", "pk": 19}, {"fields": {"codename": "change_site", "name": "Can change site", "content_type": 7}, "model": "auth.permission", "pk": 20}, {"fields": {"codename": "delete_site", "name": "Can delete site", "content_type": 7}, "model": "auth.permission", "pk": 21}, {"fields": {"codename": "add_usersocialauth", "name": "Can add user social auth", "content_type": 8}, "model": "auth.permission", "pk": 22}, {"fields": {"codename": "change_usersocialauth", "name": "Can change user social auth", "content_type": 8}, "model": "auth.permission", "pk": 23}, {"fields": {"codename": "delete_usersocialauth", "name": "Can delete user social auth", "content_type": 8}, "model": "auth.permission", "pk": 24}, {"fields": {"codename": "add_nonce", "name": "Can add nonce", "content_type": 9}, "model": "auth.permission", "pk": 25}, {"fields": {"codename": "change_nonce", "name": "Can change nonce", "content_type": 9}, "model": "auth.permission", "pk": 26}, {"fields": {"codename": "delete_nonce", "name": "Can delete nonce", "content_type": 9}, "model": "auth.permission", "pk": 27}, {"fields": {"codename": "add_association", "name": "Can add association", "content_type": 10}, "model": "auth.permission", "pk": 28}, {"fields": {"codename": "change_association", "name": "Can change association", "content_type": 10}, "model": "auth.permission", "pk": 29}, {"fields": {"codename": "delete_association", "name": "Can delete association", "content_type": 10}, "model": "auth.permission", "pk": 30}, {"fields": {"codename": "add_code", "name": "Can add code", "content_type": 11}, "model": "auth.permission", "pk": 31}, {"fields": {"codename": "change_code", "name": "Can change code", "content_type": 11}, "model": "auth.permission", "pk": 32}, {"fields": {"codename": "delete_code", "name": "Can delete code", "content_type": 11}, "model": "auth.permission", "pk": 33}, {"fields": {"codename": "add_state", "name": "Can add state", "content_type": 12}, "model": "auth.permission", "pk": 34}, {"fields": {"codename": "change_state", "name": "Can change state", "content_type": 12}, "model": "auth.permission", "pk": 35}, {"fields": {"codename": "delete_state", "name": "Can delete state", "content_type": 12}, "model": "auth.permission", "pk": 36}, {"fields": {"codename": "add_address", "name": "Can add address", "content_type": 13}, "model": "auth.permission", "pk": 37}, {"fields": {"codename": "change_address", "name": "Can change address", "content_type": 13}, "model": "auth.permission", "pk": 38}, {"fields": {"codename": "delete_address", "name": "Can delete address", "content_type": 13}, "model": "auth.permission", "pk": 39}, {"fields": {"codename": "add_email_user", "name": "Can add email_user", "content_type": 14}, "model": "auth.permission", "pk": 40}, {"fields": {"codename": "change_email_user", "name": "Can change email_user", "content_type": 14}, "model": "auth.permission", "pk": 41}, {"fields": {"codename": "delete_email_user", "name": "Can delete email_user", "content_type": 14}, "model": "auth.permission", "pk": 42}, {"fields": {"codename": "add_user_profile", "name": "Can add user_profile", "content_type": 15}, "model": "auth.permission", "pk": 43}, {"fields": {"codename": "change_user_profile", "name": "Can change user_profile", "content_type": 15}, "model": "auth.permission", "pk": 44}, {"fields": {"codename": "delete_user_profile", "name": "Can delete user_profile", "content_type": 15}, "model": "auth.permission", "pk": 45}, {"fields": {"codename": "add_department", "name": "Can add department", "content_type": 16}, "model": "auth.permission", "pk": 46}, {"fields": {"codename": "change_department", "name": "Can change department", "content_type": 16}, "model": "auth.permission", "pk": 47}, {"fields": {"codename": "delete_department", "name": "Can delete department", "content_type": 16}, "model": "auth.permission", "pk": 48}, {"fields": {"codename": "add_authority", "name": "Can add authority", "content_type": 17}, "model": "auth.permission", "pk": 49}, {"fields": {"codename": "change_authority", "name": "Can change authority", "content_type": 17}, "model": "auth.permission", "pk": 50}, {"fields": {"codename": "delete_authority", "name": "Can delete authority", "content_type": 17}, "model": "auth.permission", "pk": 51}, {"fields": {"codename": "add_state_department", "name": "Can add state_department", "content_type": 18}, "model": "auth.permission", "pk": 52}, {"fields": {"codename": "change_state_department", "name": "Can change state_department", "content_type": 18}, "model": "auth.permission", "pk": 53}, {"fields": {"codename": "delete_state_department", "name": "Can delete state_department", "content_type": 18}, "model": "auth.permission", "pk": 54}, {"fields": {"codename": "add_central_department", "name": "Can add central_department", "content_type": 19}, "model": "auth.permission", "pk": 55}, {"fields": {"codename": "change_central_department", "name": "Can change central_department", "content_type": 19}, "model": "auth.permission", "pk": 56}, {"fields": {"codename": "delete_central_department", "name": "Can delete central_department", "content_type": 19}, "model": "auth.permission", "pk": 57}, {"fields": {"codename": "add_rti_query", "name": "Can add rt i_query", "content_type": 20}, "model": "auth.permission", "pk": 58}, {"fields": {"codename": "change_rti_query", "name": "Can change rt i_query", "content_type": 20}, "model": "auth.permission", "pk": 59}, {"fields": {"codename": "delete_rti_query", "name": "Can delete rt i_query", "content_type": 20}, "model": "auth.permission", "pk": 60}, {"fields": {"codename": "add_rti_query_file", "name": "Can add rt i_query_file", "content_type": 21}, "model": "auth.permission", "pk": 61}, {"fields": {"codename": "change_rti_query_file", "name": "Can change rt i_query_file", "content_type": 21}, "model": "auth.permission", "pk": 62}, {"fields": {"codename": "delete_rti_query_file", "name": "Can delete rt i_query_file", "content_type": 21}, "model": "auth.permission", "pk": 63}, {"fields": {"codename": "add_rti_response", "name": "Can add rt i_response", "content_type": 22}, "model": "auth.permission", "pk": 64}, {"fields": {"codename": "change_rti_response", "name": "Can change rt i_response", "content_type": 22}, "model": "auth.permission", "pk": 65}, {"fields": {"codename": "delete_rti_response", "name": "Can delete rt i_response", "content_type": 22}, "model": "auth.permission", "pk": 66}, {"fields": {"codename": "add_rti_response_file", "name": "Can add rt i_response_file", "content_type": 23}, "model": "auth.permission", "pk": 67}, {"fields": {"codename": "change_rti_response_file", "name": "Can change rt i_response_file", "content_type": 23}, "model": "auth.permission", "pk": 68}, {"fields": {"codename": "delete_rti_response_file", "name": "Can delete rt i_response_file", "content_type": 23}, "model": "auth.permission", "pk": 69}, {"fields": {"codename": "add_tag", "name": "Can add tag", "content_type": 24}, "model": "auth.permission", "pk": 70}, {"fields": {"codename": "change_tag", "name": "Can change tag", "content_type": 24}, "model": "auth.permission", "pk": 71}, {"fields": {"codename": "delete_tag", "name": "Can delete tag", "content_type": 24}, "model": "auth.permission", "pk": 72}, {"fields": {"codename": "add_rti_tag", "name": "Can add rt i_tag", "content_type": 25}, "model": "auth.permission", "pk": 73}, {"fields": {"codename": "change_rti_tag", "name": "Can change rt i_tag", "content_type": 25}, "model": "auth.permission", "pk": 74}, {"fields": {"codename": "delete_rti_tag", "name": "Can delete rt i_tag", "content_type": 25}, "model": "auth.permission", "pk": 75}, {"fields": {"codename": "add_user_tag", "name": "Can add user_tag", "content_type": 26}, "model": "auth.permission", "pk": 76}, {"fields": {"codename": "change_user_tag", "name": "Can change user_tag", "content_type": 26}, "model": "auth.permission", "pk": 77}, {"fields": {"codename": "delete_user_tag", "name": "Can delete user_tag", "content_type": 26}, "model": "auth.permission", "pk": 78}, {"fields": {"codename": "add_activity", "name": "Can add activity", "content_type": 27}, "model": "auth.permission", "pk": 79}, {"fields": {"codename": "change_activity", "name": "Can change activity", "content_type": 27}, "model": "auth.permission", "pk": 80}, {"fields": {"codename": "delete_activity", "name": "Can delete activity", "content_type": 27}, "model": "auth.permission", "pk": 81}, {"fields": {"codename": "add_follow_user", "name": "Can add follow_user", "content_type": 28}, "model": "auth.permission", "pk": 82}, {"fields": {"codename": "change_follow_user", "name": "Can change follow_user", "content_type": 28}, "model": "auth.permission", "pk": 83}, {"fields": {"codename": "delete_follow_user", "name": "Can delete follow_user", "content_type": 28}, "model": "auth.permission", "pk": 84}, {"fields": {"codename": "add_follow_state", "name": "Can add follow_state", "content_type": 29}, "model": "auth.permission", "pk": 85}, {"fields": {"codename": "change_follow_state", "name": "Can change follow_state", "content_type": 29}, "model": "auth.permission", "pk": 86}, {"fields": {"codename": "delete_follow_state", "name": "Can delete follow_state", "content_type": 29}, "model": "auth.permission", "pk": 87}, {"fields": {"codename": "add_follow_topic", "name": "Can add follow_topic", "content_type": 30}, "model": "auth.permission", "pk": 88}, {"fields": {"codename": "change_follow_topic", "name": "Can change follow_topic", "content_type": 30}, "model": "auth.permission", "pk": 89}, {"fields": {"codename": "delete_follow_topic", "name": "Can delete follow_topic", "content_type": 30}, "model": "auth.permission", "pk": 90}, {"fields": {"codename": "add_follow_department", "name": "Can add follow_department", "content_type": 31}, "model": "auth.permission", "pk": 91}, {"fields": {"codename": "change_follow_department", "name": "Can change follow_department", "content_type": 31}, "model": "auth.permission", "pk": 92}, {"fields": {"codename": "delete_follow_department", "name": "Can delete follow_department", "content_type": 31}, "model": "auth.permission", "pk": 93}, {"fields": {"codename": "add_user_feed", "name": "Can add user_feed", "content_type": 32}, "model": "auth.permission", "pk": 94}, {"fields": {"codename": "change_user_feed", "name": "Can change user_feed", "content_type": 32}, "model": "auth.permission", "pk": 95}, {"fields": {"codename": "delete_user_feed", "name": "Can delete user_feed", "content_type": 32}, "model": "auth.permission", "pk": 96}, {"fields": {"codename": "add_notification", "name": "Can add notification", "content_type": 33}, "model": "auth.permission", "pk": 97}, {"fields": {"codename": "change_notification", "name": "Can change notification", "content_type": 33}, "model": "auth.permission", "pk": 98}, {"fields": {"codename": "delete_notification", "name": "Can delete notification", "content_type": 33}, "model": "auth.permission", "pk": 99}, {"fields": {"codename": "add_relevance", "name": "Can add relevance", "content_type": 34}, "model": "auth.permission", "pk": 100}, {"fields": {"codename": "change_relevance", "name": "Can change relevance", "content_type": 34}, "model": "auth.permission", "pk": 101}, {"fields": {"codename": "delete_relevance", "name": "Can delete relevance", "content_type": 34}, "model": "auth.permission", "pk": 102}, {"fields": {"codename": "add_activity_relevance", "name": "Can add activity_relevance", "content_type": 35}, "model": "auth.permission", "pk": 103}, {"fields": {"codename": "change_activity_relevance", "name": "Can change activity_relevance", "content_type": 35}, "model": "auth.permission", "pk": 104}, {"fields": {"codename": "delete_activity_relevance", "name": "Can delete activity_relevance", "content_type": 35}, "model": "auth.permission", "pk": 105}, {"fields": {"codename": "add_rti_unlinked_files", "name": "Can add rt i_unlinked_files", "content_type": 36}, "model": "auth.permission", "pk": 106}, {"fields": {"codename": "change_rti_unlinked_files", "name": "Can change rt i_unlinked_files", "content_type": 36}, "model": "auth.permission", "pk": 107}, {"fields": {"codename": "delete_rti_unlinked_files", "name": "Can delete rt i_unlinked_files", "content_type": 36}, "model": "auth.permission", "pk": 108}, {"fields": {"username": "paarthneekhara", "first_name": "Paarth", "last_name": "Neekhara", "is_active": true, "is_superuser": true, "is_staff": true, "last_login": "2015-12-20T14:30:26Z", "groups": [], "user_permissions": [], "password": "pbkdf2_sha256$15000$9LIdd9sjhjJd$GLvydqbed1xGeus6VyJ99Y8UiE+PG9n/tMcoPGA4I8E=", "email": "paarth.n@gmail.com", "date_joined": "2015-12-15T18:07:58Z"}, "model": "auth.user", "pk": 1}, {"fields": {"username": "ErAnkitKSaxena", "first_name": "Er", "last_name": "Ankit K Saxena", "is_active": true, "is_superuser": false, "is_staff": false, "last_login": "2015-12-18T05:13:45Z", "groups": [], "user_permissions": [], "password": "pbkdf2_sha256$15000$69oRwn4Mawrk$9yFyhWAwltuLK53w/7W+VKg/3W3/OGH7Tm98NlbNn3w=", "email": "ankitsxn5143@hotmail.com", "date_joined": "2015-12-15T18:26:40Z"}, "model": "auth.user", "pk": 2}, {"fields": {"username": "seemagupta", "first_name": "seema", "last_name": "gupta", "is_active": true, "is_superuser": false, "is_staff": false, "last_login": "2015-12-15T19:36:05Z", "groups": [], "user_permissions": [], "password": "pbkdf2_sha256$15000$3q0AAvTmrLON$5YoL4iHfSQDn8OPd0SCs+mRBv/mSSpgVKxel2xiR55I=", "email": "simagupta93@gmail.com", "date_joined": "2015-12-15T19:36:04Z"}, "model": "auth.user", "pk": 3}, {"fields": {"username": "", "first_name": "", "last_name": "", "is_active": true, "is_superuser": false, "is_staff": false, "last_login": "2015-12-15T19:46:31Z", "groups": [], "user_permissions": [], "password": "pbkdf2_sha256$15000$SpKZyUNksEso$JitvT611YRfmOuFH2No8mZwaVM7YSd5tuL3DtohK+6s=", "email": "", "date_joined": "2015-12-15T19:46:30Z"}, "model": "auth.user", "pk": 4}, {"fields": {"username": "ShubhamPratap", "first_name": "Shubham", "last_name": "Pratap", "is_active": true, "is_superuser": false, "is_staff": false, "last_login": "2015-12-15T20:02:24Z", "groups": [], "user_permissions": [], "password": "pbkdf2_sha256$15000$T6HgqIt7RWbC$QnItaojro78bSpcmh/lD6c3hGCrfp6LpEa1LSUdaSgM=", "email": "luckymangosp11@gmail.com", "date_joined": "2015-12-15T19:56:25Z"}, "model": "auth.user", "pk": 5}, {"fields": {"username": "VikasYadav", "first_name": "Vikas", "last_name": "Yadav", "is_active": true, "is_superuser": false, "is_staff": false, "last_login": "2015-12-15T20:05:29Z", "groups": [], "user_permissions": [], "password": "pbkdf2_sha256$15000$AcM3oyRYI4bH$GNqpLI64PwFMcqDGHYsqcY3gFXnwTpIA5VXeLDUFt+U=", "email": "wicked.yadav@gmail.com", "date_joined": "2015-12-15T19:58:38Z"}, "model": "auth.user", "pk": 6}, {"fields": {"username": "ShubhamPandey", "first_name": "Shubham", "last_name": "Pandey", "is_active": true, "is_superuser": false, "is_staff": false, "last_login": "2015-12-16T12:54:03Z", "groups": [], "user_permissions": [], "password": "!H0U8o26wOyGDGQWpfS3rlGIqr4Jz74jUELX4i3jq", "email": "vbshubham@gmail.com", "date_joined": "2015-12-16T02:34:54Z"}, "model": "auth.user", "pk": 7}, {"fields": {"username": "RahulYadav", "first_name": "Rahul", "last_name": "Yadav", "is_active": true, "is_superuser": false, "is_staff": false, "last_login": "2015-12-16T09:57:11Z", "groups": [], "user_permissions": [], "password": "!NtwEECWa6OzCSzjnCsFDUeeIkHbSPr5BdLT7TQee", "email": "rahul0379@gmail.com", "date_joined": "2015-12-16T09:56:58Z"}, "model": "auth.user", "pk": 8}, {"fields": {"username": "paarthn", "first_name": "", "last_name": "", "is_active": true, "is_superuser": true, "is_staff": true, "last_login": "2015-12-16T17:08:21Z", "groups": [], "user_permissions": [], "password": "pbkdf2_sha256$15000$XY2R2alwaz6M$6sRaIgwZ27wI9XEM/AqBPxyUG+cfvu0sjmHdd9QCrdM=", "email": "rtifeedteam@rtifeed.com", "date_joined": "2015-12-16T17:01:23Z"}, "model": "auth.user", "pk": 9}, {"fields": {"username": "ParasGandhi", "first_name": "Paras", "last_name": "Gandhi", "is_active": true, "is_superuser": false, "is_staff": false, "last_login": "2015-12-17T04:46:13Z", "groups": [], "user_permissions": [], "password": "!kUWQzJv3ONVBaa2x7jDBgrffOHTARBONQlRHe48m", "email": "parasgandhi1995@gmail.com", "date_joined": "2015-12-17T04:44:06Z"}, "model": "auth.user", "pk": 10}, {"fields": {"username": "admin", "first_name": "hello", "last_name": "hello", "is_active": true, "is_superuser": false, "is_staff": false, "last_login": "2015-12-17T15:32:16Z", "groups": [], "user_permissions": [], "password": "pbkdf2_sha256$15000$rkQVtrT8MeDz$ZNAUmvvgyI+ZSpXZxamp/z1dmC7h6LRzxy8QfnWz5sQ=", "email": "hello@sharklasers.com", "date_joined": "2015-12-17T15:32:11Z"}, "model": "auth.user", "pk": 11}, {"fields": {"username": "rtist", "first_name": "rtist", "last_name": "", "is_active": true, "is_superuser": false, "is_staff": false, "last_login": "2015-12-20T14:19:26Z", "groups": [], "user_permissions": [], "password": "pbkdf2_sha256$15000$bGMmeSW7BI9p$ptOsmxzlRy27OFC7ObfwTT+X1p996WDZmJUbgIFZrK4=", "email": "rtist@localhost.com", "date_joined": "2015-12-20T14:19:25Z"}, "model": "auth.user", "pk": 12}, {"fields": {"username": "rtiadmin", "first_name": "", "last_name": "", "is_active": true, "is_superuser": true, "is_staff": true, "last_login": "2015-12-20T14:22:51Z", "groups": [], "user_permissions": [], "password": "pbkdf2_sha256$15000$gOQRNzQSErkK$WIz9ozLyIDYeyEUX6cKpWadigC3nNcnVKJk41JQPUsQ=", "email": "rtiadmin@localhost.com", "date_joined": "2015-12-20T14:22:14Z"}, "model": "auth.user", "pk": 13}, {"fields": {"username": "VikashKumar", "first_name": "Vikash", "last_name": "Kumar", "is_active": true, "is_superuser": false, "is_staff": false, "last_login": "2015-12-21T13:11:39Z", "groups": [], "user_permissions": [], "password": "!YGvICx2eBkITdNbD6jY2DZ1H3rRKz5JNQKskASg7", "email": "vikash4466kumar@gmail.com", "date_joined": "2015-12-20T14:35:54Z"}, "model": "auth.user", "pk": 14}, {"fields": {"username": "SuryamaniKumar", "first_name": "Suryamani", "last_name": "Kumar", "is_active": true, "is_superuser": false, "is_staff": false, "last_login": "2015-12-21T08:33:38Z", "groups": [], "user_permissions": [], "password": "!Oc76VynzpRP0bdHsyIh2nadbiGSTBfseRQ2XczEK", "email": "suryamani.aj@gmail.com", "date_joined": "2015-12-21T08:33:37Z"}, "model": "auth.user", "pk": 15}, {"fields": {"uid": "432477263629988", "extra_data": "{\"access_token\": \"CAAXlLfvZCIcsBAMsSPaB0c0SpJGbRNGn998nOqd5RBuYrEMZCptGHapEP9H3p8ZBCcKZAXeEs4CZAKKkvAmxkbx9wJ1YxZAomGIaGA9IomRYgZBmZAkOSR7ETVSfIPZBrjVs06mt1zvGYDEg0gvYVrx8TdAmiWqsHn8fCMmwfkkJ5WlelSsIgCEAlL2dfgRYZC3YgZD\", \"expires\": null, \"id\": \"432477263629988\"}", "user": 1, "provider": "facebook"}, "model": "default.usersocialauth", "pk": 1}, {"fields": {"uid": "936379729763404", "extra_data": "{\"access_token\": \"CAAXlLfvZCIcsBAJg4T90rV4iHHEFbAppgDCYUHiKe0097rlFZCJWZC1gGiaDEV2hHSKkObCZBfraRhixMaOmie2qJAxhOfVA4YvLeYEwQh5p5nq9ZApjRYj7Vx4gZCWZBxltPxs7dYmAHiGo0k37MR5UcjkfpvHlHfZBK9JtPACZC7ZCBxney0wGt7W6YS6KCUQ0B2qRlkX3DQxQZDZD\", \"expires\": null, \"id\": \"936379729763404\"}", "user": 2, "provider": "facebook"}, "model": "default.usersocialauth", "pk": 2}, {"fields": {"uid": "1064593270271263", "extra_data": "{\"access_token\": \"CAAXlLfvZCIcsBANkNt3ipZBlPGFZC4gGyMLcGOiryaZATOmaZCL9nzfDloQcXQs8oP5fYvs3D2ZBZAh1HV36mzEsBsMXYr5eqwxPpX6hWhmh1NCYaYzEaPfFjtZCLi0dDoHLUNQ3uhwAIMEcGwzy7EpHnpUZCBxNIy1HZAQbeGfkv8meicZBjuL3ILsrihulTX2kZBJaNVPszZCcTuwZDZD\", \"expires\": null, \"id\": \"1064593270271263\"}", "user": 6, "provider": "facebook"}, "model": "default.usersocialauth", "pk": 3}, {"fields": {"uid": "1639761672930364", "extra_data": "{\"access_token\": \"CAAXlLfvZCIcsBAFeQ2sGzrLa4Snk5FpFpxhqw7MPZBABcLT14K4n6deh7sMgAXIcVYeiaaOtYf3DMbsU6sk6MCO4d4dn3BeZCI8QXok3Me1ZAFfCSeiuz5obZBOnw551V8BWoOYtGzW3irRFkN2SKNHvclj5ro313arXrZARztCjWaFSZBl5n3uxqCDPScvWqkf8n4GAuReDQZDZD\", \"expires\": null, \"id\": \"1639761672930364\"}", "user": 7, "provider": "facebook"}, "model": "default.usersocialauth", "pk": 4}, {"fields": {"uid": "10203851155918018", "extra_data": "{\"access_token\": \"CAAXlLfvZCIcsBACOuRZB4ZCC9cGeKckPEKZAulvMNyK1iVRAgDKbyQHkt9bOBBNPnx9G8Rme0SXuySPOxZAJAKXOozT7vz3eDnBCVF3XSyeuBvFixjlhUXMnZBxDJFZAZBcPYDBswbb2zic5VJoZBiceyy77ZBDqIpNVaGiK8lLFoZCeOEps111uJrHG8HhwoAZA9bJSliuNxa0sJQZDZD\", \"expires\": null, \"id\": \"10203851155918018\"}", "user": 8, "provider": "facebook"}, "model": "default.usersocialauth", "pk": 5}, {"fields": {"uid": "835997026510592", "extra_data": "{\"access_token\": \"CAAXlLfvZCIcsBANzcm2uvHEg74pZC7HfqQZASqccMO0PSRwn02ahNTlgzf8Px1ATTEdb8TujyN6CJjZCpOlQujZAh9a57szl0FFSux8ckVD74LICqhjcpuFxMsaEqMZBNQc4z8awYkd6nhdqWbS4K01nZC8kYRcYYaRUXRXwLjEEOzZAvGZAJ7Y1jk3kRyhnpHHgCd8G604m3bgZDZD\", \"expires\": null, \"id\": \"835997026510592\"}", "user": 10, "provider": "facebook"}, "model": "default.usersocialauth", "pk": 6}, {"fields": {"uid": "1077426995609703", "extra_data": "{\"access_token\": \"CAAXlLfvZCIcsBAEfrqtBf5XDvnDLhpULc7Ef5qJJperryWONtthX3ZCEemw6DpeCW5PM5lFlYRGoSx3zcggqxbSlbl3ZBejATtuZAfK8nPNS0RqCcpesTQEZCTHZAI4qIRHlXwxodz8ZCF3iYMDDFRU8JCfbTEEVgTiIkqfa7LakKwHfGvvwX4ruPl6QycRRgIBfk3hA7lo0wZDZD\", \"expires\": null, \"id\": \"1077426995609703\"}", "user": 14, "provider": "facebook"}, "model": "default.usersocialauth", "pk": 7}, {"fields": {"uid": "1732547943631167", "extra_data": "{\"access_token\": \"CAAXlLfvZCIcsBAAW3ZA2tZAScHMNSCsKAfnZA2LLB1pDzPu21TOcfcufaDirtzxFtUuh2mGaFwp32sS8KucSGcx2eX5jbYjK2a6HiJ3PG7lIZAYKRCJfnh7U4KNTKWqZAsD3h6I0GOUi6pNQaqI4qfT5TkXpsLPZCZCIaEfcE6rnL1FZBhFRr9C4hB7WoOH0touwZD\", \"expires\": null, \"id\": \"1732547943631167\"}", "user": 15, "provider": "facebook"}, "model": "default.usersocialauth", "pk": 8}, {"fields": {"update_date": "2015-12-15T18:07:59Z", "verification_url": null, "gender": "male", "email_signed_up": false, "date_of_birth": null, "profile_picture": "profile_pictures/paarthneekhara.jpg", "entry_date": "2015-12-15T19:27:09Z", "address": null, "bio_description": "", "profile_status": "complete", "reputation": 10.0}, "model": "rtiapp.user_profile", "pk": 1}, {"fields": {"update_date": "2015-12-15T18:26:40Z", "verification_url": null, "gender": "male", "email_signed_up": false, "date_of_birth": null, "profile_picture": "profile_pictures/erankitksaxena-social.jpg", "entry_date": "2015-12-15T18:26:40Z", "address": null, "bio_description": "", "profile_status": "complete", "reputation": 10.0}, "model": "rtiapp.user_profile", "pk": 2}, {"fields": {"update_date": "2015-12-15T19:36:04Z", "verification_url": null, "gender": null, "email_signed_up": false, "date_of_birth": null, "profile_picture": "profile_pictures/seemagupta.jpg", "entry_date": "2015-12-15T19:36:04Z", "address": null, "bio_description": "", "profile_status": "complete", "reputation": 10.0}, "model": "rtiapp.user_profile", "pk": 3}, {"fields": {"update_date": "2015-12-15T19:46:31Z", "verification_url": null, "gender": null, "email_signed_up": false, "date_of_birth": null, "profile_picture": "profile_pictures/default.jpg", "entry_date": "2015-12-15T19:46:31Z", "address": null, "bio_description": "", "profile_status": "complete", "reputation": 10.0}, "model": "rtiapp.user_profile", "pk": 4}, {"fields": {"update_date": "2015-12-15T19:56:26Z", "verification_url": null, "gender": null, "email_signed_up": false, "date_of_birth": null, "profile_picture": "profile_pictures/default.jpg", "entry_date": "2015-12-15T19:57:13Z", "address": null, "bio_description": "", "profile_status": "complete", "reputation": 10.0}, "model": "rtiapp.user_profile", "pk": 5}, {"fields": {"update_date": "2015-12-15T19:58:40Z", "verification_url": null, "gender": "male", "email_signed_up": false, "date_of_birth": null, "profile_picture": "profile_pictures/vikasyadav-social.jpg", "entry_date": "2015-12-15T20:05:29Z", "address": null, "bio_description": "", "profile_status": "complete", "reputation": 10.0}, "model": "rtiapp.user_profile", "pk": 6}, {"fields": {"update_date": "2015-12-16T02:34:55Z", "verification_url": null, "gender": "male", "email_signed_up": false, "date_of_birth": null, "profile_picture": "profile_pictures/shubhampandey-social.jpg", "entry_date": "2015-12-16T02:34:55Z", "address": null, "bio_description": "", "profile_status": "complete", "reputation": 10.0}, "model": "rtiapp.user_profile", "pk": 7}, {"fields": {"update_date": "2015-12-16T09:57:10Z", "verification_url": null, "gender": "male", "email_signed_up": false, "date_of_birth": null, "profile_picture": "profile_pictures/rahulyadav-social.jpg", "entry_date": "2015-12-16T09:57:10Z", "address": null, "bio_description": "", "profile_status": "complete", "reputation": 10.0}, "model": "rtiapp.user_profile", "pk": 8}, {"fields": {"update_date": "2015-12-17T04:44:07Z", "verification_url": null, "gender": "male", "email_signed_up": false, "date_of_birth": null, "profile_picture": "profile_pictures/parasgandhi-social.jpg", "entry_date": "2015-12-17T04:44:07Z", "address": null, "bio_description": "", "profile_status": "complete", "reputation": 10.0}, "model": "rtiapp.user_profile", "pk": 10}, {"fields": {"update_date": "2015-12-17T15:32:13Z", "verification_url": null, "gender": null, "email_signed_up": false, "date_of_birth": null, "profile_picture": "profile_pictures/default.jpg", "entry_date": "2015-12-17T15:32:13Z", "address": null, "bio_description": "", "profile_status": "complete", "reputation": 10.0}, "model": "rtiapp.user_profile", "pk": 11}, {"fields": {"update_date": "2015-12-20T14:19:26Z", "verification_url": null, "gender": null, "email_signed_up": false, "date_of_birth": null, "profile_picture": "profile_pictures/default.jpg", "entry_date": "2015-12-20T14:19:26Z", "address": null, "bio_description": "", "profile_status": "incomplete", "reputation": 10.0}, "model": "rtiapp.user_profile", "pk": 12}, {"fields": {"update_date": "2015-12-20T14:35:54Z", "verification_url": null, "gender": "male", "email_signed_up": false, "date_of_birth": null, "profile_picture": "profile_pictures/vikashkumar-social.jpg", "entry_date": "2015-12-20T14:35:54Z", "address": null, "bio_description": "", "profile_status": "complete", "reputation": 10.0}, "model": "rtiapp.user_profile", "pk": 14}, {"fields": {"update_date": "2015-12-21T08:33:37Z", "verification_url": null, "gender": "male", "email_signed_up": false, "date_of_birth": null, "profile_picture": "profile_pictures/suryamanikumar-social.jpg", "entry_date": "2015-12-21T08:33:37Z", "address": null, "bio_description": "", "profile_status": "complete", "reputation": 10.0}, "model": "rtiapp.user_profile", "pk": 15}, {"fields": {"update_date": "2015-12-15T19:20:28Z", "description": "this needs urgent attention", "rti_file_date": "2015-03-01T18:30:00Z", "response_status": true, "proposed": false, "authority": 1, "user": 1, "query_type": "centre", "department": 1, "query_text": "<p><ol><li>I filed an application for a duplicate ration card on 27th January 2004. Please tell me the daily progress made on my application so far. i.e. when did my application reach which officer, for how long did it stay with that officer and what did he/she do during that period?</li><li>According to the rules, my card should have been made in 10 days. However, it is more than three months now. Please give the names and designations of the officials who were supposed to take action on my application and who have not done so?</li><li>What action would be taken against these officials for not doing their work and for causing harassment to the public? By when would that action be taken?</li><li>By when would I get my card now?</li></ol></p>", "entry_date": "2015-12-15T19:20:28Z"}, "model": "rtiapp.rti_query", "pk": 1}, {"fields": {"update_date": "2015-12-15T19:41:19Z", "description": "licence not delivered", "rti_file_date": "2014-02-02T18:30:00Z", "response_status": false, "proposed": false, "authority": 2, "user": 3, "query_type": "state", "department": 118, "query_text": "<p>I havent received my driving licence nor have been tested for it.</p><p>1. Please tell me the status if it</p><p>2. When can I expect it to be delivered</p>", "entry_date": "2015-12-15T19:41:19Z"}, "model": "rtiapp.rti_query", "pk": 2}, {"fields": {"update_date": "2015-12-16T14:07:55Z", "description": "BRUTAL FACE OF LUCKNOW POLICE DEPARTMENT", "rti_file_date": "2015-12-15T18:30:00Z", "response_status": true, "proposed": false, "authority": 4, "user": 2, "query_type": "state", "department": 118, "query_text": "<p>Brutal Face of U.P police. DIG lucknow Mr. D.K. thakur brutally beat a college student. Agreed that the students are guilty or somewhat? but is this the right way to arrest them or to control them.??</p><p><br></p>", "entry_date": "2015-12-16T14:07:54Z"}, "model": "rtiapp.rti_query", "pk": 4}, {"fields": {"update_date": "2015-12-21T11:13:45Z", "description": "Kuch to hai daya", "rti_file_date": "2015-12-08T18:30:00Z", "response_status": false, "proposed": false, "authority": 6, "user": 1, "query_type": "centre", "department": 1, "query_text": "<p>This shirt is overpriced</p>", "entry_date": "2015-12-21T11:13:45Z"}, "model": "rtiapp.rti_query", "pk": 5}, {"fields": {"activity_link": null, "user": 1, "rti_query": 1, "meta_data": null, "entry_date": "2015-12-15T19:20:29Z", "activity_type": "rti_query"}, "model": "rtiapp.activity", "pk": 1}, {"fields": {"activity_link": null, "user": 1, "rti_query": 1, "meta_data": "false", "entry_date": "2015-12-15T19:22:18Z", "activity_type": "like"}, "model": "rtiapp.activity", "pk": 2}, {"fields": {"activity_link": null, "user": 1, "rti_query": 1, "meta_data": "false", "entry_date": "2015-12-15T19:22:38Z", "activity_type": "follow"}, "model": "rtiapp.activity", "pk": 3}, {"fields": {"activity_link": null, "user": 1, "rti_query": 1, "meta_data": null, "entry_date": "2015-12-15T19:23:26Z", "activity_type": "rti_response"}, "model": "rtiapp.activity", "pk": 4}, {"fields": {"activity_link": null, "user": 1, "rti_query": 1, "meta_data": "{\"comment_text\": \"That is some good work! :P :D\"}", "entry_date": "2015-12-15T19:24:12Z", "activity_type": "comment"}, "model": "rtiapp.activity", "pk": 5}, {"fields": {"activity_link": null, "user": 3, "rti_query": 2, "meta_data": null, "entry_date": "2015-12-15T19:41:20Z", "activity_type": "rti_query"}, "model": "rtiapp.activity", "pk": 6}, {"fields": {"activity_link": null, "user": 3, "rti_query": 2, "meta_data": "false", "entry_date": "2015-12-15T19:41:35Z", "activity_type": "follow"}, "model": "rtiapp.activity", "pk": 7}, {"fields": {"activity_link": null, "user": 3, "rti_query": 1, "meta_data": "false", "entry_date": "2015-12-15T19:41:55Z", "activity_type": "like"}, "model": "rtiapp.activity", "pk": 8}, {"fields": {"activity_link": null, "user": 6, "rti_query": 1, "meta_data": "{\"comment_text\": \"Thats mah nigga!!\"}", "entry_date": "2015-12-15T20:00:22Z", "activity_type": "comment"}, "model": "rtiapp.activity", "pk": 9}, {"fields": {"activity_link": 9, "user": 1, "rti_query": 1, "meta_data": null, "entry_date": "2015-12-15T20:03:34Z", "activity_type": "comment_like"}, "model": "rtiapp.activity", "pk": 10}, {"fields": {"activity_link": null, "user": 1, "rti_query": 1, "meta_data": "{\"comment_text\": \"what? hmm\"}", "entry_date": "2015-12-16T10:23:49Z", "activity_type": "comment"}, "model": "rtiapp.activity", "pk": 18}, {"fields": {"activity_link": null, "user": 7, "rti_query": 2, "meta_data": "false", "entry_date": "2015-12-16T12:59:48Z", "activity_type": "like"}, "model": "rtiapp.activity", "pk": 19}, {"fields": {"activity_link": null, "user": 2, "rti_query": 2, "meta_data": "false", "entry_date": "2015-12-16T13:49:57Z", "activity_type": "like"}, "model": "rtiapp.activity", "pk": 20}, {"fields": {"activity_link": null, "user": 2, "rti_query": 1, "meta_data": "false", "entry_date": "2015-12-16T13:50:04Z", "activity_type": "like"}, "model": "rtiapp.activity", "pk": 21}, {"fields": {"activity_link": null, "user": 2, "rti_query": 1, "meta_data": "false", "entry_date": "2015-12-16T13:50:05Z", "activity_type": "follow"}, "model": "rtiapp.activity", "pk": 22}, {"fields": {"activity_link": null, "user": 2, "rti_query": 4, "meta_data": null, "entry_date": "2015-12-16T14:08:00Z", "activity_type": "rti_query"}, "model": "rtiapp.activity", "pk": 23}, {"fields": {"activity_link": null, "user": 2, "rti_query": 4, "meta_data": "false", "entry_date": "2015-12-16T14:08:51Z", "activity_type": "like"}, "model": "rtiapp.activity", "pk": 24}, {"fields": {"activity_link": null, "user": 2, "rti_query": 4, "meta_data": "false", "entry_date": "2015-12-16T14:10:59Z", "activity_type": "follow"}, "model": "rtiapp.activity", "pk": 25}, {"fields": {"activity_link": 18, "user": 2, "rti_query": 1, "meta_data": null, "entry_date": "2015-12-16T14:11:23Z", "activity_type": "comment_like"}, "model": "rtiapp.activity", "pk": 26}, {"fields": {"activity_link": null, "user": 1, "rti_query": 4, "meta_data": "{\"comment_text\": \"This is just sad :(\"}", "entry_date": "2015-12-16T16:56:33Z", "activity_type": "comment"}, "model": "rtiapp.activity", "pk": 27}, {"fields": {"activity_link": null, "user": 1, "rti_query": 4, "meta_data": "false", "entry_date": "2015-12-16T16:56:43Z", "activity_type": "like"}, "model": "rtiapp.activity", "pk": 28}, {"fields": {"activity_link": null, "user": 1, "rti_query": 4, "meta_data": "false", "entry_date": "2015-12-16T16:56:44Z", "activity_type": "follow"}, "model": "rtiapp.activity", "pk": 29}, {"fields": {"activity_link": 27, "user": 2, "rti_query": 4, "meta_data": null, "entry_date": "2015-12-17T04:50:04Z", "activity_type": "comment_like"}, "model": "rtiapp.activity", "pk": 30}, {"fields": {"activity_link": null, "user": 2, "rti_query": 4, "meta_data": null, "entry_date": "2015-12-17T05:48:52Z", "activity_type": "rti_response"}, "model": "rtiapp.activity", "pk": 31}, {"fields": {"activity_link": null, "user": 2, "rti_query": 4, "meta_data": "{\"comment_text\": \"not agree with the response... if the incident happens on 16 dec then how he will be suspend on 21 jan 2015 :-(\"}", "entry_date": "2015-12-17T05:58:11Z", "activity_type": "comment"}, "model": "rtiapp.activity", "pk": 32}, {"fields": {"activity_link": 18, "user": 1, "rti_query": 1, "meta_data": null, "entry_date": "2015-12-18T14:19:38Z", "activity_type": "comment_like"}, "model": "rtiapp.activity", "pk": 34}, {"fields": {"activity_link": 32, "user": 1, "rti_query": 4, "meta_data": null, "entry_date": "2015-12-18T14:40:55Z", "activity_type": "comment_like"}, "model": "rtiapp.activity", "pk": 35}, {"fields": {"activity_link": null, "user": 1, "rti_query": 2, "meta_data": "Forged", "entry_date": "2015-12-18T14:53:25Z", "activity_type": "spam"}, "model": "rtiapp.activity", "pk": 36}, {"fields": {"activity_link": null, "user": 1, "rti_query": 1, "meta_data": "Ghh", "entry_date": "2015-12-18T14:54:13Z", "activity_type": "spam"}, "model": "rtiapp.activity", "pk": 37}, {"fields": {"activity_link": null, "user": 14, "rti_query": 1, "meta_data": "{\"comment_text\": \"Good work  my fellow !\"}", "entry_date": "2015-12-20T14:48:54Z", "activity_type": "comment"}, "model": "rtiapp.activity", "pk": 38}, {"fields": {"activity_link": null, "user": 1, "rti_query": 1, "meta_data": "{\"comment_text\": \":P\"}", "entry_date": "2015-12-20T15:33:18Z", "activity_type": "comment"}, "model": "rtiapp.activity", "pk": 39}, {"fields": {"activity_link": 32, "user": 14, "rti_query": 4, "meta_data": null, "entry_date": "2015-12-21T07:22:21Z", "activity_type": "comment_like"}, "model": "rtiapp.activity", "pk": 40}, {"fields": {"activity_link": 39, "user": 14, "rti_query": 1, "meta_data": null, "entry_date": "2015-12-21T07:22:21Z", "activity_type": "comment_like"}, "model": "rtiapp.activity", "pk": 41}, {"fields": {"activity_link": 38, "user": 1, "rti_query": 1, "meta_data": null, "entry_date": "2015-12-21T11:09:19Z", "activity_type": "comment_like"}, "model": "rtiapp.activity", "pk": 42}, {"fields": {"activity_link": null, "user": 1, "rti_query": 5, "meta_data": null, "entry_date": "2015-12-21T11:13:45Z", "activity_type": "rti_query"}, "model": "rtiapp.activity", "pk": 43}, {"fields": {"activity_link": null, "user": 14, "rti_query": 5, "meta_data": "{\"comment_text\": \"kuch to hai !!\"}", "entry_date": "2015-12-21T13:13:09Z", "activity_type": "comment"}, "model": "rtiapp.activity", "pk": 44}, {"fields": {"activity_link": null, "user": 14, "rti_query": 5, "meta_data": "false", "entry_date": "2015-12-21T13:13:28Z", "activity_type": "like"}, "model": "rtiapp.activity", "pk": 45}, {"fields": {"follower": 4, "followee": 6, "entry_date": "2015-12-15T19:59:37Z"}, "model": "rtiapp.follow_user", "pk": 1}, {"fields": {"follower": 4, "followee": 5, "entry_date": "2015-12-15T19:59:51Z"}, "model": "rtiapp.follow_user", "pk": 2}, {"fields": {"follower": 1, "followee": 6, "entry_date": "2015-12-15T20:07:09Z"}, "model": "rtiapp.follow_user", "pk": 3}, {"fields": {"follower": 1, "followee": 8, "entry_date": "2015-12-16T10:14:18Z"}, "model": "rtiapp.follow_user", "pk": 4}, {"fields": {"follower": 10, "followee": 1, "entry_date": "2015-12-17T04:51:59Z"}, "model": "rtiapp.follow_user", "pk": 5}, {"fields": {"follower": 1, "followee": 11, "entry_date": "2015-12-17T15:33:57Z"}, "model": "rtiapp.follow_user", "pk": 6}, {"fields": {"follower": 1, "followee": 2, "entry_date": "2015-12-18T14:51:54Z"}, "model": "rtiapp.follow_user", "pk": 7}, {"fields": {"follower": 1, "followee": 14, "entry_date": "2015-12-20T15:33:34Z"}, "model": "rtiapp.follow_user", "pk": 8}, {"fields": {"follower": 1, "followee": 10, "entry_date": "2015-12-20T15:37:49Z"}, "model": "rtiapp.follow_user", "pk": 9}, {"fields": {"follower": 14, "followee": 1, "entry_date": "2015-12-21T07:16:18Z"}, "model": "rtiapp.follow_user", "pk": 10}, {"fields": {"follower": 1, "followee": 4, "entry_date": "2015-12-15T20:16:53Z"}, "model": "rtiapp.follow_topic", "pk": 1}, {"fields": {"follower": 1, "followee": 8, "entry_date": "2015-12-16T16:58:06Z"}, "model": "rtiapp.follow_topic", "pk": 2}, {"fields": {"follower": 1, "followee": 1, "entry_date": "2015-12-18T14:40:00Z"}, "model": "rtiapp.follow_department", "pk": 1}, {"fields": {"follower": 14, "followee": 1, "entry_date": "2015-12-21T13:14:54Z"}, "model": "rtiapp.follow_department", "pk": 2}, {"fields": {"read_status": true, "activity": 2, "user": 1, "follow": null, "notification_type": "rti_query", "entry_date": "2015-12-15T19:22:18Z"}, "model": "rtiapp.notification", "pk": 1}, {"fields": {"read_status": true, "activity": 3, "user": 1, "follow": null, "notification_type": "rti_query", "entry_date": "2015-12-15T19:22:38Z"}, "model": "rtiapp.notification", "pk": 2}, {"fields": {"read_status": true, "activity": 5, "user": 1, "follow": null, "notification_type": "rti_query", "entry_date": "2015-12-15T19:24:12Z"}, "model": "rtiapp.notification", "pk": 3}, {"fields": {"read_status": true, "activity": 7, "user": 3, "follow": null, "notification_type": "rti_query", "entry_date": "2015-12-15T19:41:35Z"}, "model": "rtiapp.notification", "pk": 4}, {"fields": {"read_status": true, "activity": 8, "user": 1, "follow": null, "notification_type": "rti_query", "entry_date": "2015-12-15T19:41:56Z"}, "model": "rtiapp.notification", "pk": 5}, {"fields": {"read_status": true, "activity": 9, "user": 1, "follow": null, "notification_type": "rti_query", "entry_date": "2015-12-15T20:00:22Z"}, "model": "rtiapp.notification", "pk": 6}, {"fields": {"read_status": true, "activity": 10, "user": 6, "follow": null, "notification_type": "rti_query", "entry_date": "2015-12-15T20:03:34Z"}, "model": "rtiapp.notification", "pk": 7}, {"fields": {"read_status": false, "activity": null, "user": 8, "follow": 4, "notification_type": "user_follow", "entry_date": "2015-12-16T10:14:18Z"}, "model": "rtiapp.notification", "pk": 14}, {"fields": {"read_status": false, "activity": 19, "user": 3, "follow": null, "notification_type": "rti_query", "entry_date": "2015-12-16T12:59:49Z"}, "model": "rtiapp.notification", "pk": 15}, {"fields": {"read_status": false, "activity": 20, "user": 3, "follow": null, "notification_type": "rti_query", "entry_date": "2015-12-16T13:49:59Z"}, "model": "rtiapp.notification", "pk": 16}, {"fields": {"read_status": true, "activity": 21, "user": 1, "follow": null, "notification_type": "rti_query", "entry_date": "2015-12-16T13:50:05Z"}, "model": "rtiapp.notification", "pk": 17}, {"fields": {"read_status": true, "activity": 22, "user": 1, "follow": null, "notification_type": "rti_query", "entry_date": "2015-12-16T13:50:06Z"}, "model": "rtiapp.notification", "pk": 18}, {"fields": {"read_status": true, "activity": 26, "user": 1, "follow": null, "notification_type": "rti_query", "entry_date": "2015-12-16T14:11:23Z"}, "model": "rtiapp.notification", "pk": 19}, {"fields": {"read_status": true, "activity": 27, "user": 2, "follow": null, "notification_type": "rti_query", "entry_date": "2015-12-16T16:56:35Z"}, "model": "rtiapp.notification", "pk": 20}, {"fields": {"read_status": true, "activity": 28, "user": 2, "follow": null, "notification_type": "rti_query", "entry_date": "2015-12-16T16:56:44Z"}, "model": "rtiapp.notification", "pk": 21}, {"fields": {"read_status": true, "activity": 29, "user": 2, "follow": null, "notification_type": "rti_query", "entry_date": "2015-12-16T16:56:46Z"}, "model": "rtiapp.notification", "pk": 22}, {"fields": {"read_status": true, "activity": 30, "user": 1, "follow": null, "notification_type": "rti_query", "entry_date": "2015-12-17T04:50:04Z"}, "model": "rtiapp.notification", "pk": 23}, {"fields": {"read_status": true, "activity": null, "user": 1, "follow": 5, "notification_type": "user_follow", "entry_date": "2015-12-17T04:51:59Z"}, "model": "rtiapp.notification", "pk": 24}, {"fields": {"read_status": true, "activity": null, "user": 11, "follow": 6, "notification_type": "user_follow", "entry_date": "2015-12-17T15:33:57Z"}, "model": "rtiapp.notification", "pk": 25}, {"fields": {"read_status": false, "activity": 35, "user": 2, "follow": null, "notification_type": "rti_query", "entry_date": "2015-12-18T14:40:55Z"}, "model": "rtiapp.notification", "pk": 27}, {"fields": {"read_status": false, "activity": null, "user": 2, "follow": 7, "notification_type": "user_follow", "entry_date": "2015-12-18T14:51:54Z"}, "model": "rtiapp.notification", "pk": 28}, {"fields": {"read_status": false, "activity": 36, "user": 3, "follow": null, "notification_type": "rti_query", "entry_date": "2015-12-18T14:53:25Z"}, "model": "rtiapp.notification", "pk": 29}, {"fields": {"read_status": true, "activity": 38, "user": 1, "follow": null, "notification_type": "rti_query", "entry_date": "2015-12-20T14:48:54Z"}, "model": "rtiapp.notification", "pk": 30}, {"fields": {"read_status": true, "activity": null, "user": 14, "follow": 8, "notification_type": "user_follow", "entry_date": "2015-12-20T15:33:34Z"}, "model": "rtiapp.notification", "pk": 31}, {"fields": {"read_status": false, "activity": null, "user": 10, "follow": 9, "notification_type": "user_follow", "entry_date": "2015-12-20T15:37:49Z"}, "model": "rtiapp.notification", "pk": 32}, {"fields": {"read_status": true, "activity": null, "user": 1, "follow": 10, "notification_type": "user_follow", "entry_date": "2015-12-21T07:16:18Z"}, "model": "rtiapp.notification", "pk": 33}, {"fields": {"read_status": false, "activity": 40, "user": 2, "follow": null, "notification_type": "rti_query", "entry_date": "2015-12-21T07:22:21Z"}, "model": "rtiapp.notification", "pk": 34}, {"fields": {"read_status": true, "activity": 41, "user": 1, "follow": null, "notification_type": "rti_query", "entry_date": "2015-12-21T07:22:22Z"}, "model": "rtiapp.notification", "pk": 35}, {"fields": {"read_status": true, "activity": 42, "user": 14, "follow": null, "notification_type": "rti_query", "entry_date": "2015-12-21T11:09:19Z"}, "model": "rtiapp.notification", "pk": 36}, {"fields": {"read_status": false, "activity": 44, "user": 1, "follow": null, "notification_type": "rti_query", "entry_date": "2015-12-21T13:13:11Z"}, "model": "rtiapp.notification", "pk": 37}, {"fields": {"read_status": false, "activity": 45, "user": 1, "follow": null, "notification_type": "rti_query", "entry_date": "2015-12-21T13:13:30Z"}, "model": "rtiapp.notification", "pk": 38}, {"fields": {"relevance": 0.0, "update_date": "2015-12-15T19:20:29Z", "views": 0, "user": 1, "activity": 1}, "model": "rtiapp.activity_relevance", "pk": 1}, {"fields": {"relevance": 0.0, "update_date": "2015-12-15T19:20:29Z", "views": 0, "user": 2, "activity": 1}, "model": "rtiapp.activity_relevance", "pk": 2}, {"fields": {"relevance": 0.586596576226464, "update_date": "2015-12-15T19:22:18Z", "views": 1, "user": 1, "activity": 2}, "model": "rtiapp.activity_relevance", "pk": 3}, {"fields": {"relevance": 0.586596243636222, "update_date": "2015-12-15T19:22:18Z", "views": 0, "user": 2, "activity": 2}, "model": "rtiapp.activity_relevance", "pk": 4}, {"fields": {"relevance": 1.17319308849989, "update_date": "2015-12-15T19:22:38Z", "views": 0, "user": 1, "activity": 3}, "model": "rtiapp.activity_relevance", "pk": 5}, {"fields": {"relevance": 0.58659615170394, "update_date": "2015-12-15T19:22:38Z", "views": 0, "user": 2, "activity": 3}, "model": "rtiapp.activity_relevance", "pk": 6}, {"fields": {"relevance": 1.17319323694742, "update_date": "2015-12-15T19:23:26Z", "views": 0, "user": 1, "activity": 4}, "model": "rtiapp.activity_relevance", "pk": 7}, {"fields": {"relevance": 0.586596324063979, "update_date": "2015-12-15T19:23:26Z", "views": 0, "user": 2, "activity": 4}, "model": "rtiapp.activity_relevance", "pk": 8}, {"fields": {"relevance": 1.65560833595677, "update_date": "2015-12-15T19:24:12Z", "views": 0, "user": 1, "activity": 5}, "model": "rtiapp.activity_relevance", "pk": 9}, {"fields": {"relevance": 1.32448624870876, "update_date": "2015-12-15T19:24:12Z", "views": 0, "user": 2, "activity": 5}, "model": "rtiapp.activity_relevance", "pk": 10}, {"fields": {"relevance": 1.1375028677827, "update_date": "2015-12-15T19:38:36Z", "views": 0, "user": 3, "activity": 1}, "model": "rtiapp.activity_relevance", "pk": 11}, {"fields": {"relevance": 1.14089679655658, "update_date": "2015-12-15T19:38:36Z", "views": 0, "user": 3, "activity": 2}, "model": "rtiapp.activity_relevance", "pk": 12}, {"fields": {"relevance": 1.14152315640226, "update_date": "2015-12-15T19:38:36Z", "views": 0, "user": 3, "activity": 3}, "model": "rtiapp.activity_relevance", "pk": 13}, {"fields": {"relevance": 1.14303257904113, "update_date": "2015-12-15T19:38:37Z", "views": 0, "user": 3, "activity": 4}, "model": "rtiapp.activity_relevance", "pk": 14}, {"fields": {"relevance": 1.3244856783892, "update_date": "2015-12-15T19:38:37Z", "views": 2, "user": 3, "activity": 5}, "model": "rtiapp.activity_relevance", "pk": 15}, {"fields": {"relevance": 0.0, "update_date": "2015-12-15T19:41:20Z", "views": 6, "user": 1, "activity": 6}, "model": "rtiapp.activity_relevance", "pk": 16}, {"fields": {"relevance": 0.0, "update_date": "2015-12-15T19:41:20Z", "views": 0, "user": 2, "activity": 6}, "model": "rtiapp.activity_relevance", "pk": 17}, {"fields": {"relevance": 0.0, "update_date": "2015-12-15T19:41:20Z", "views": 1, "user": 3, "activity": 6}, "model": "rtiapp.activity_relevance", "pk": 18}, {"fields": {"relevance": 0.0, "update_date": "2015-12-15T19:41:35Z", "views": 10, "user": 1, "activity": 7}, "model": "rtiapp.activity_relevance", "pk": 19}, {"fields": {"relevance": 0.0, "update_date": "2015-12-15T19:41:35Z", "views": 0, "user": 2, "activity": 7}, "model": "rtiapp.activity_relevance", "pk": 20}, {"fields": {"relevance": 0.586594311314292, "update_date": "2015-12-15T19:41:35Z", "views": 6, "user": 3, "activity": 7}, "model": "rtiapp.activity_relevance", "pk": 21}, {"fields": {"relevance": 2.34638517224283, "update_date": "2015-12-15T19:41:55Z", "views": 0, "user": 1, "activity": 8}, "model": "rtiapp.activity_relevance", "pk": 22}, {"fields": {"relevance": 1.75978717351882, "update_date": "2015-12-15T19:41:55Z", "views": 0, "user": 2, "activity": 8}, "model": "rtiapp.activity_relevance", "pk": 23}, {"fields": {"relevance": 1.75978518560192, "update_date": "2015-12-15T19:41:56Z", "views": 5, "user": 3, "activity": 8}, "model": "rtiapp.activity_relevance", "pk": 24}, {"fields": {"relevance": 1.67984445981384, "update_date": "2015-12-15T19:48:22Z", "views": 0, "user": 4, "activity": 1}, "model": "rtiapp.activity_relevance", "pk": 25}, {"fields": {"relevance": 1.68464381329441, "update_date": "2015-12-15T19:48:22Z", "views": 0, "user": 4, "activity": 2}, "model": "rtiapp.activity_relevance", "pk": 26}, {"fields": {"relevance": 1.68552922893392, "update_date": "2015-12-15T19:48:22Z", "views": 0, "user": 4, "activity": 3}, "model": "rtiapp.activity_relevance", "pk": 27}, {"fields": {"relevance": 1.68766226926126, "update_date": "2015-12-15T19:48:22Z", "views": 0, "user": 4, "activity": 4}, "model": "rtiapp.activity_relevance", "pk": 28}, {"fields": {"relevance": 1.32448514702778, "update_date": "2015-12-15T19:48:22Z", "views": 0, "user": 4, "activity": 5}, "model": "rtiapp.activity_relevance", "pk": 29}, {"fields": {"relevance": 0.0, "update_date": "2015-12-15T19:48:22Z", "views": 4, "user": 4, "activity": 6}, "model": "rtiapp.activity_relevance", "pk": 30}, {"fields": {"relevance": 0.0, "update_date": "2015-12-15T19:48:22Z", "views": 0, "user": 4, "activity": 7}, "model": "rtiapp.activity_relevance", "pk": 31}, {"fields": {"relevance": 1.73999761813142, "update_date": "2015-12-15T19:48:22Z", "views": 2, "user": 4, "activity": 8}, "model": "rtiapp.activity_relevance", "pk": 32}, {"fields": {"relevance": 1.65352078375562, "update_date": "2015-12-15T19:58:41Z", "views": 0, "user": 6, "activity": 1}, "model": "rtiapp.activity_relevance", "pk": 33}, {"fields": {"relevance": 1.65803961502053, "update_date": "2015-12-15T19:58:41Z", "views": 0, "user": 6, "activity": 2}, "model": "rtiapp.activity_relevance", "pk": 34}, {"fields": {"relevance": 1.65887298031918, "update_date": "2015-12-15T19:58:41Z", "views": 0, "user": 6, "activity": 3}, "model": "rtiapp.activity_relevance", "pk": 35}, {"fields": {"relevance": 1.66088112900612, "update_date": "2015-12-15T19:58:41Z", "views": 0, "user": 6, "activity": 4}, "model": "rtiapp.activity_relevance", "pk": 36}, {"fields": {"relevance": 1.32448418101343, "update_date": "2015-12-15T19:58:41Z", "views": 0, "user": 6, "activity": 5}, "model": "rtiapp.activity_relevance", "pk": 37}, {"fields": {"relevance": 0.0, "update_date": "2015-12-15T19:58:41Z", "views": 1, "user": 6, "activity": 6}, "model": "rtiapp.activity_relevance", "pk": 38}, {"fields": {"relevance": 0.0, "update_date": "2015-12-15T19:58:41Z", "views": 1, "user": 6, "activity": 7}, "model": "rtiapp.activity_relevance", "pk": 39}, {"fields": {"relevance": 1.71003715300199, "update_date": "2015-12-15T19:58:41Z", "views": 1, "user": 6, "activity": 8}, "model": "rtiapp.activity_relevance", "pk": 40}, {"fields": {"relevance": 2.93298278998186, "update_date": "2015-12-15T20:00:22Z", "views": 13, "user": 1, "activity": 9}, "model": "rtiapp.activity_relevance", "pk": 41}, {"fields": {"relevance": 2.34638494201232, "update_date": "2015-12-15T20:00:22Z", "views": 0, "user": 2, "activity": 9}, "model": "rtiapp.activity_relevance", "pk": 42}, {"fields": {"relevance": 2.34638362618262, "update_date": "2015-12-15T20:00:22Z", "views": 0, "user": 3, "activity": 9}, "model": "rtiapp.activity_relevance", "pk": 43}, {"fields": {"relevance": 2.93297776273295, "update_date": "2015-12-15T20:00:22Z", "views": 2, "user": 4, "activity": 9}, "model": "rtiapp.activity_relevance", "pk": 44}, {"fields": {"relevance": 2.33789396493351, "update_date": "2015-12-15T20:00:22Z", "views": 1, "user": 5, "activity": 9}, "model": "rtiapp.activity_relevance", "pk": 45}, {"fields": {"relevance": 2.34637919023907, "update_date": "2015-12-15T20:00:22Z", "views": 1, "user": 6, "activity": 9}, "model": "rtiapp.activity_relevance", "pk": 46}, {"fields": {"relevance": 2.19254769059246, "update_date": "2015-12-15T20:02:24Z", "views": 0, "user": 5, "activity": 1}, "model": "rtiapp.activity_relevance", "pk": 47}, {"fields": {"relevance": 2.19844682614501, "update_date": "2015-12-15T20:02:24Z", "views": 0, "user": 5, "activity": 2}, "model": "rtiapp.activity_relevance", "pk": 48}, {"fields": {"relevance": 2.19953482430157, "update_date": "2015-12-15T20:02:24Z", "views": 0, "user": 5, "activity": 3}, "model": "rtiapp.activity_relevance", "pk": 49}, {"fields": {"relevance": 2.20215608007346, "update_date": "2015-12-15T20:02:24Z", "views": 0, "user": 5, "activity": 4}, "model": "rtiapp.activity_relevance", "pk": 50}, {"fields": {"relevance": 1.32448467091921, "update_date": "2015-12-15T20:02:24Z", "views": 0, "user": 5, "activity": 5}, "model": "rtiapp.activity_relevance", "pk": 51}, {"fields": {"relevance": 0.0, "update_date": "2015-12-15T20:02:24Z", "views": 1, "user": 5, "activity": 6}, "model": "rtiapp.activity_relevance", "pk": 52}, {"fields": {"relevance": 0.0, "update_date": "2015-12-15T20:02:24Z", "views": 0, "user": 5, "activity": 7}, "model": "rtiapp.activity_relevance", "pk": 53}, {"fields": {"relevance": 2.26626920321688, "update_date": "2015-12-15T20:02:24Z", "views": 0, "user": 5, "activity": 8}, "model": "rtiapp.activity_relevance", "pk": 54}, {"fields": {"relevance": 1.57181044624487, "update_date": "2015-12-16T02:34:57Z", "views": 0, "user": 7, "activity": 1}, "model": "rtiapp.activity_relevance", "pk": 85}, {"fields": {"relevance": 1.57327924456697, "update_date": "2015-12-16T02:34:57Z", "views": 0, "user": 7, "activity": 2}, "model": "rtiapp.activity_relevance", "pk": 86}, {"fields": {"relevance": 1.57354840075176, "update_date": "2015-12-16T02:34:57Z", "views": 0, "user": 7, "activity": 3}, "model": "rtiapp.activity_relevance", "pk": 87}, {"fields": {"relevance": 1.5741972132399, "update_date": "2015-12-16T02:34:57Z", "views": 0, "user": 7, "activity": 4}, "model": "rtiapp.activity_relevance", "pk": 88}, {"fields": {"relevance": 1.32448372972047, "update_date": "2015-12-16T02:34:57Z", "views": 0, "user": 7, "activity": 5}, "model": "rtiapp.activity_relevance", "pk": 89}, {"fields": {"relevance": 0.0, "update_date": "2015-12-16T02:34:57Z", "views": 0, "user": 7, "activity": 6}, "model": "rtiapp.activity_relevance", "pk": 90}, {"fields": {"relevance": 0.0, "update_date": "2015-12-16T02:34:57Z", "views": 3, "user": 7, "activity": 7}, "model": "rtiapp.activity_relevance", "pk": 91}, {"fields": {"relevance": 1.58956119646357, "update_date": "2015-12-16T02:34:57Z", "views": 0, "user": 7, "activity": 8}, "model": "rtiapp.activity_relevance", "pk": 92}, {"fields": {"relevance": 1.60560271963617, "update_date": "2015-12-16T02:34:58Z", "views": 0, "user": 7, "activity": 9}, "model": "rtiapp.activity_relevance", "pk": 93}, {"fields": {"relevance": 1.60845709582601, "update_date": "2015-12-16T02:34:58Z", "views": 2, "user": 7, "activity": 10}, "model": "rtiapp.activity_relevance", "pk": 94}, {"fields": {"relevance": 1.33274720607891, "update_date": "2015-12-16T09:57:12Z", "views": 0, "user": 8, "activity": 1}, "model": "rtiapp.activity_relevance", "pk": 108}, {"fields": {"relevance": 1.33341573770882, "update_date": "2015-12-16T09:57:12Z", "views": 0, "user": 8, "activity": 2}, "model": "rtiapp.activity_relevance", "pk": 109}, {"fields": {"relevance": 1.33353816885908, "update_date": "2015-12-16T09:57:12Z", "views": 0, "user": 8, "activity": 3}, "model": "rtiapp.activity_relevance", "pk": 110}, {"fields": {"relevance": 1.3338331264978, "update_date": "2015-12-16T09:57:12Z", "views": 0, "user": 8, "activity": 4}, "model": "rtiapp.activity_relevance", "pk": 111}, {"fields": {"relevance": 1.32448303896961, "update_date": "2015-12-16T09:57:12Z", "views": 0, "user": 8, "activity": 5}, "model": "rtiapp.activity_relevance", "pk": 112}, {"fields": {"relevance": 0.0, "update_date": "2015-12-16T09:57:12Z", "views": 0, "user": 8, "activity": 6}, "model": "rtiapp.activity_relevance", "pk": 113}, {"fields": {"relevance": 0.0, "update_date": "2015-12-16T09:57:12Z", "views": 1, "user": 8, "activity": 7}, "model": "rtiapp.activity_relevance", "pk": 114}, {"fields": {"relevance": 1.34074916908343, "update_date": "2015-12-16T09:57:13Z", "views": 0, "user": 8, "activity": 8}, "model": "rtiapp.activity_relevance", "pk": 115}, {"fields": {"relevance": 1.34783625939284, "update_date": "2015-12-16T09:57:13Z", "views": 0, "user": 8, "activity": 9}, "model": "rtiapp.activity_relevance", "pk": 116}, {"fields": {"relevance": 1.34908397802648, "update_date": "2015-12-16T09:57:13Z", "views": 1, "user": 8, "activity": 10}, "model": "rtiapp.activity_relevance", "pk": 117}, {"fields": {"relevance": 3.517831043087, "update_date": "2015-12-16T10:23:49Z", "views": 5, "user": 1, "activity": 18}, "model": "rtiapp.activity_relevance", "pk": 118}, {"fields": {"relevance": 2.93151546413553, "update_date": "2015-12-16T10:23:49Z", "views": 1, "user": 2, "activity": 18}, "model": "rtiapp.activity_relevance", "pk": 119}, {"fields": {"relevance": 2.93150833126141, "update_date": "2015-12-16T10:23:49Z", "views": 0, "user": 3, "activity": 18}, "model": "rtiapp.activity_relevance", "pk": 120}, {"fields": {"relevance": 2.93149811624007, "update_date": "2015-12-16T10:23:49Z", "views": 0, "user": 4, "activity": 18}, "model": "rtiapp.activity_relevance", "pk": 121}, {"fields": {"relevance": 2.93149158099916, "update_date": "2015-12-16T10:23:49Z", "views": 0, "user": 5, "activity": 18}, "model": "rtiapp.activity_relevance", "pk": 122}, {"fields": {"relevance": 2.93148528778456, "update_date": "2015-12-16T10:23:49Z", "views": 0, "user": 6, "activity": 18}, "model": "rtiapp.activity_relevance", "pk": 123}, {"fields": {"relevance": 2.93147868005852, "update_date": "2015-12-16T10:23:49Z", "views": 1, "user": 7, "activity": 18}, "model": "rtiapp.activity_relevance", "pk": 124}, {"fields": {"relevance": 2.93147175184475, "update_date": "2015-12-16T10:23:49Z", "views": 0, "user": 8, "activity": 18}, "model": "rtiapp.activity_relevance", "pk": 125}, {"fields": {"relevance": 0.586594061431968, "update_date": "2015-12-16T12:59:49Z", "views": 2, "user": 1, "activity": 19}, "model": "rtiapp.activity_relevance", "pk": 126}, {"fields": {"relevance": 0.586592052099762, "update_date": "2015-12-16T12:59:49Z", "views": 1, "user": 2, "activity": 19}, "model": "rtiapp.activity_relevance", "pk": 127}, {"fields": {"relevance": 1.17318224583125, "update_date": "2015-12-16T12:59:49Z", "views": 0, "user": 3, "activity": 19}, "model": "rtiapp.activity_relevance", "pk": 128}, {"fields": {"relevance": 0.586590325217765, "update_date": "2015-12-16T12:59:49Z", "views": 0, "user": 4, "activity": 19}, "model": "rtiapp.activity_relevance", "pk": 129}, {"fields": {"relevance": 0.586589275980885, "update_date": "2015-12-16T12:59:49Z", "views": 0, "user": 5, "activity": 19}, "model": "rtiapp.activity_relevance", "pk": 130}, {"fields": {"relevance": 0.586587579748418, "update_date": "2015-12-16T12:59:49Z", "views": 0, "user": 6, "activity": 19}, "model": "rtiapp.activity_relevance", "pk": 131}, {"fields": {"relevance": 0.586585490719132, "update_date": "2015-12-16T12:59:49Z", "views": 0, "user": 7, "activity": 19}, "model": "rtiapp.activity_relevance", "pk": 132}, {"fields": {"relevance": 0.586584403910005, "update_date": "2015-12-16T12:59:49Z", "views": 0, "user": 8, "activity": 19}, "model": "rtiapp.activity_relevance", "pk": 133}, {"fields": {"relevance": 1.17318777780122, "update_date": "2015-12-16T13:49:57Z", "views": 34, "user": 1, "activity": 20}, "model": "rtiapp.activity_relevance", "pk": 134}, {"fields": {"relevance": 1.1731788631278, "update_date": "2015-12-16T13:49:58Z", "views": 18, "user": 2, "activity": 20}, "model": "rtiapp.activity_relevance", "pk": 135}, {"fields": {"relevance": 1.75975407304953, "update_date": "2015-12-16T13:49:58Z", "views": 0, "user": 3, "activity": 20}, "model": "rtiapp.activity_relevance", "pk": 136}, {"fields": {"relevance": 1.1731616093583, "update_date": "2015-12-16T13:49:58Z", "views": 0, "user": 4, "activity": 20}, "model": "rtiapp.activity_relevance", "pk": 137}, {"fields": {"relevance": 1.17315727164872, "update_date": "2015-12-16T13:49:58Z", "views": 0, "user": 5, "activity": 20}, "model": "rtiapp.activity_relevance", "pk": 138}, {"fields": {"relevance": 1.17315549681024, "update_date": "2015-12-16T13:49:58Z", "views": 0, "user": 6, "activity": 20}, "model": "rtiapp.activity_relevance", "pk": 139}, {"fields": {"relevance": 1.17315066781944, "update_date": "2015-12-16T13:49:58Z", "views": 3, "user": 7, "activity": 20}, "model": "rtiapp.activity_relevance", "pk": 140}, {"fields": {"relevance": 1.17314136330662, "update_date": "2015-12-16T13:49:59Z", "views": 0, "user": 8, "activity": 20}, "model": "rtiapp.activity_relevance", "pk": 141}, {"fields": {"relevance": 4.10616633533956, "update_date": "2015-12-16T13:50:04Z", "views": 28, "user": 1, "activity": 21}, "model": "rtiapp.activity_relevance", "pk": 142}, {"fields": {"relevance": 3.51954825323419, "update_date": "2015-12-16T13:50:04Z", "views": 0, "user": 2, "activity": 21}, "model": "rtiapp.activity_relevance", "pk": 143}, {"fields": {"relevance": 3.51953616220338, "update_date": "2015-12-16T13:50:04Z", "views": 0, "user": 3, "activity": 21}, "model": "rtiapp.activity_relevance", "pk": 144}, {"fields": {"relevance": 3.51951151402275, "update_date": "2015-12-16T13:50:04Z", "views": 0, "user": 4, "activity": 21}, "model": "rtiapp.activity_relevance", "pk": 145}, {"fields": {"relevance": 3.51949628704063, "update_date": "2015-12-16T13:50:04Z", "views": 0, "user": 5, "activity": 21}, "model": "rtiapp.activity_relevance", "pk": 146}, {"fields": {"relevance": 3.51948158264767, "update_date": "2015-12-16T13:50:05Z", "views": 0, "user": 6, "activity": 21}, "model": "rtiapp.activity_relevance", "pk": 147}, {"fields": {"relevance": 3.51946711869488, "update_date": "2015-12-16T13:50:05Z", "views": 0, "user": 7, "activity": 21}, "model": "rtiapp.activity_relevance", "pk": 148}, {"fields": {"relevance": 3.51945317374703, "update_date": "2015-12-16T13:50:05Z", "views": 0, "user": 8, "activity": 21}, "model": "rtiapp.activity_relevance", "pk": 149}, {"fields": {"relevance": 4.10616294110135, "update_date": "2015-12-16T13:50:05Z", "views": 0, "user": 1, "activity": 22}, "model": "rtiapp.activity_relevance", "pk": 150}, {"fields": {"relevance": 4.10615294323129, "update_date": "2015-12-16T13:50:05Z", "views": 18, "user": 2, "activity": 22}, "model": "rtiapp.activity_relevance", "pk": 151}, {"fields": {"relevance": 3.51953841728229, "update_date": "2015-12-16T13:50:05Z", "views": 0, "user": 3, "activity": 22}, "model": "rtiapp.activity_relevance", "pk": 152}, {"fields": {"relevance": 3.51953157261092, "update_date": "2015-12-16T13:50:05Z", "views": 0, "user": 4, "activity": 22}, "model": "rtiapp.activity_relevance", "pk": 153}, {"fields": {"relevance": 3.51952378605694, "update_date": "2015-12-16T13:50:05Z", "views": 0, "user": 5, "activity": 22}, "model": "rtiapp.activity_relevance", "pk": 154}, {"fields": {"relevance": 3.51951960263518, "update_date": "2015-12-16T13:50:05Z", "views": 0, "user": 6, "activity": 22}, "model": "rtiapp.activity_relevance", "pk": 155}, {"fields": {"relevance": 3.51950877470356, "update_date": "2015-12-16T13:50:05Z", "views": 3, "user": 7, "activity": 22}, "model": "rtiapp.activity_relevance", "pk": 156}, {"fields": {"relevance": 3.51949360969689, "update_date": "2015-12-16T13:50:06Z", "views": 0, "user": 8, "activity": 22}, "model": "rtiapp.activity_relevance", "pk": 157}, {"fields": {"relevance": 0.0, "update_date": "2015-12-16T14:08:00Z", "views": 0, "user": 1, "activity": 23}, "model": "rtiapp.activity_relevance", "pk": 158}, {"fields": {"relevance": 0.0, "update_date": "2015-12-16T14:08:00Z", "views": 1, "user": 2, "activity": 23}, "model": "rtiapp.activity_relevance", "pk": 159}, {"fields": {"relevance": 0.0, "update_date": "2015-12-16T14:08:00Z", "views": 0, "user": 3, "activity": 23}, "model": "rtiapp.activity_relevance", "pk": 160}, {"fields": {"relevance": 0.0, "update_date": "2015-12-16T14:08:00Z", "views": 0, "user": 4, "activity": 23}, "model": "rtiapp.activity_relevance", "pk": 161}, {"fields": {"relevance": 0.0, "update_date": "2015-12-16T14:08:00Z", "views": 0, "user": 5, "activity": 23}, "model": "rtiapp.activity_relevance", "pk": 162}, {"fields": {"relevance": 0.0, "update_date": "2015-12-16T14:08:00Z", "views": 0, "user": 6, "activity": 23}, "model": "rtiapp.activity_relevance", "pk": 163}, {"fields": {"relevance": 0.0, "update_date": "2015-12-16T14:08:01Z", "views": 0, "user": 7, "activity": 23}, "model": "rtiapp.activity_relevance", "pk": 164}, {"fields": {"relevance": 0.0, "update_date": "2015-12-16T14:08:01Z", "views": 0, "user": 8, "activity": 23}, "model": "rtiapp.activity_relevance", "pk": 165}, {"fields": {"relevance": 0.586593821490392, "update_date": "2015-12-16T14:08:51Z", "views": 2, "user": 1, "activity": 24}, "model": "rtiapp.activity_relevance", "pk": 166}, {"fields": {"relevance": 0.586591709908983, "update_date": "2015-12-16T14:08:52Z", "views": 1, "user": 2, "activity": 24}, "model": "rtiapp.activity_relevance", "pk": 167}, {"fields": {"relevance": 0.586585033487534, "update_date": "2015-12-16T14:08:52Z", "views": 0, "user": 3, "activity": 24}, "model": "rtiapp.activity_relevance", "pk": 168}, {"fields": {"relevance": 0.586581005259838, "update_date": "2015-12-16T14:08:52Z", "views": 0, "user": 4, "activity": 24}, "model": "rtiapp.activity_relevance", "pk": 169}, {"fields": {"relevance": 0.586577517941053, "update_date": "2015-12-16T14:08:52Z", "views": 0, "user": 5, "activity": 24}, "model": "rtiapp.activity_relevance", "pk": 170}, {"fields": {"relevance": 0.586574058883066, "update_date": "2015-12-16T14:08:52Z", "views": 0, "user": 6, "activity": 24}, "model": "rtiapp.activity_relevance", "pk": 171}, {"fields": {"relevance": 0.586571479895112, "update_date": "2015-12-16T14:08:53Z", "views": 0, "user": 7, "activity": 24}, "model": "rtiapp.activity_relevance", "pk": 172}, {"fields": {"relevance": 0.586569047893901, "update_date": "2015-12-16T14:08:53Z", "views": 0, "user": 8, "activity": 24}, "model": "rtiapp.activity_relevance", "pk": 173}, {"fields": {"relevance": 0.58659351999555, "update_date": "2015-12-16T14:11:00Z", "views": 0, "user": 1, "activity": 25}, "model": "rtiapp.activity_relevance", "pk": 174}, {"fields": {"relevance": 1.17318360965541, "update_date": "2015-12-16T14:11:00Z", "views": 4, "user": 2, "activity": 25}, "model": "rtiapp.activity_relevance", "pk": 175}, {"fields": {"relevance": 0.586590703916515, "update_date": "2015-12-16T14:11:00Z", "views": 0, "user": 3, "activity": 25}, "model": "rtiapp.activity_relevance", "pk": 176}, {"fields": {"relevance": 0.586588671827404, "update_date": "2015-12-16T14:11:00Z", "views": 0, "user": 4, "activity": 25}, "model": "rtiapp.activity_relevance", "pk": 177}, {"fields": {"relevance": 0.586585468771569, "update_date": "2015-12-16T14:11:00Z", "views": 0, "user": 5, "activity": 25}, "model": "rtiapp.activity_relevance", "pk": 178}, {"fields": {"relevance": 0.586582618359729, "update_date": "2015-12-16T14:11:00Z", "views": 0, "user": 6, "activity": 25}, "model": "rtiapp.activity_relevance", "pk": 179}, {"fields": {"relevance": 0.586579408892728, "update_date": "2015-12-16T14:11:00Z", "views": 0, "user": 7, "activity": 25}, "model": "rtiapp.activity_relevance", "pk": 180}, {"fields": {"relevance": 0.586575573058728, "update_date": "2015-12-16T14:11:01Z", "views": 0, "user": 8, "activity": 25}, "model": "rtiapp.activity_relevance", "pk": 181}, {"fields": {"relevance": 1.17318340275276, "update_date": "2015-12-16T16:56:34Z", "views": 0, "user": 1, "activity": 27}, "model": "rtiapp.activity_relevance", "pk": 182}, {"fields": {"relevance": 1.75976905974823, "update_date": "2015-12-16T16:56:34Z", "views": 0, "user": 2, "activity": 27}, "model": "rtiapp.activity_relevance", "pk": 183}, {"fields": {"relevance": 1.17317130639447, "update_date": "2015-12-16T16:56:34Z", "views": 0, "user": 3, "activity": 27}, "model": "rtiapp.activity_relevance", "pk": 184}, {"fields": {"relevance": 1.17316864318838, "update_date": "2015-12-16T16:56:34Z", "views": 0, "user": 4, "activity": 27}, "model": "rtiapp.activity_relevance", "pk": 185}, {"fields": {"relevance": 1.17316578329649, "update_date": "2015-12-16T16:56:34Z", "views": 0, "user": 5, "activity": 27}, "model": "rtiapp.activity_relevance", "pk": 186}, {"fields": {"relevance": 1.17316212878644, "update_date": "2015-12-16T16:56:34Z", "views": 0, "user": 6, "activity": 27}, "model": "rtiapp.activity_relevance", "pk": 187}, {"fields": {"relevance": 1.17315733291853, "update_date": "2015-12-16T16:56:34Z", "views": 0, "user": 7, "activity": 27}, "model": "rtiapp.activity_relevance", "pk": 188}, {"fields": {"relevance": 1.1731500454736, "update_date": "2015-12-16T16:56:34Z", "views": 0, "user": 8, "activity": 27}, "model": "rtiapp.activity_relevance", "pk": 189}, {"fields": {"relevance": 1.75978750682025, "update_date": "2015-12-16T16:56:43Z", "views": 0, "user": 1, "activity": 28}, "model": "rtiapp.activity_relevance", "pk": 190}, {"fields": {"relevance": 2.34638026929648, "update_date": "2015-12-16T16:56:43Z", "views": 4, "user": 2, "activity": 28}, "model": "rtiapp.activity_relevance", "pk": 191}, {"fields": {"relevance": 1.75977825908254, "update_date": "2015-12-16T16:56:43Z", "views": 0, "user": 3, "activity": 28}, "model": "rtiapp.activity_relevance", "pk": 192}, {"fields": {"relevance": 1.75977312564685, "update_date": "2015-12-16T16:56:44Z", "views": 0, "user": 4, "activity": 28}, "model": "rtiapp.activity_relevance", "pk": 193}, {"fields": {"relevance": 1.7597658170118, "update_date": "2015-12-16T16:56:44Z", "views": 0, "user": 5, "activity": 28}, "model": "rtiapp.activity_relevance", "pk": 194}, {"fields": {"relevance": 1.75975721655059, "update_date": "2015-12-16T16:56:44Z", "views": 0, "user": 6, "activity": 28}, "model": "rtiapp.activity_relevance", "pk": 195}, {"fields": {"relevance": 1.7597478979309, "update_date": "2015-12-16T16:56:44Z", "views": 0, "user": 7, "activity": 28}, "model": "rtiapp.activity_relevance", "pk": 196}, {"fields": {"relevance": 1.75973874318233, "update_date": "2015-12-16T16:56:44Z", "views": 0, "user": 8, "activity": 28}, "model": "rtiapp.activity_relevance", "pk": 197}, {"fields": {"relevance": 2.34638156308338, "update_date": "2015-12-16T16:56:44Z", "views": 9, "user": 1, "activity": 29}, "model": "rtiapp.activity_relevance", "pk": 198}, {"fields": {"relevance": 2.34636798894909, "update_date": "2015-12-16T16:56:45Z", "views": 0, "user": 2, "activity": 29}, "model": "rtiapp.activity_relevance", "pk": 199}, {"fields": {"relevance": 1.75976749559342, "update_date": "2015-12-16T16:56:45Z", "views": 0, "user": 3, "activity": 29}, "model": "rtiapp.activity_relevance", "pk": 200}, {"fields": {"relevance": 1.75975965571196, "update_date": "2015-12-16T16:56:45Z", "views": 0, "user": 4, "activity": 29}, "model": "rtiapp.activity_relevance", "pk": 201}, {"fields": {"relevance": 1.75975116389987, "update_date": "2015-12-16T16:56:45Z", "views": 0, "user": 5, "activity": 29}, "model": "rtiapp.activity_relevance", "pk": 202}, {"fields": {"relevance": 1.75974443738059, "update_date": "2015-12-16T16:56:45Z", "views": 0, "user": 6, "activity": 29}, "model": "rtiapp.activity_relevance", "pk": 203}, {"fields": {"relevance": 1.75973575551495, "update_date": "2015-12-16T16:56:45Z", "views": 0, "user": 7, "activity": 29}, "model": "rtiapp.activity_relevance", "pk": 204}, {"fields": {"relevance": 1.75972842076488, "update_date": "2015-12-16T16:56:45Z", "views": 0, "user": 8, "activity": 29}, "model": "rtiapp.activity_relevance", "pk": 205}, {"fields": {"relevance": 1.63896362811706, "update_date": "2015-12-17T04:44:08Z", "views": 0, "user": 10, "activity": 1}, "model": "rtiapp.activity_relevance", "pk": 206}, {"fields": {"relevance": 1.63931182662088, "update_date": "2015-12-17T04:44:08Z", "views": 0, "user": 10, "activity": 2}, "model": "rtiapp.activity_relevance", "pk": 207}, {"fields": {"relevance": 1.63937566203147, "update_date": "2015-12-17T04:44:09Z", "views": 0, "user": 10, "activity": 3}, "model": "rtiapp.activity_relevance", "pk": 208}, {"fields": {"relevance": 1.63952903095018, "update_date": "2015-12-17T04:44:09Z", "views": 0, "user": 10, "activity": 4}, "model": "rtiapp.activity_relevance", "pk": 209}, {"fields": {"relevance": 1.63967602990196, "update_date": "2015-12-17T04:44:09Z", "views": 0, "user": 10, "activity": 5}, "model": "rtiapp.activity_relevance", "pk": 210}, {"fields": {"relevance": 0.547663134016833, "update_date": "2015-12-17T04:44:09Z", "views": 0, "user": 10, "activity": 6}, "model": "rtiapp.activity_relevance", "pk": 211}, {"fields": {"relevance": 0.547679209462516, "update_date": "2015-12-17T04:44:09Z", "views": 0, "user": 10, "activity": 7}, "model": "rtiapp.activity_relevance", "pk": 212}, {"fields": {"relevance": 1.64310194390092, "update_date": "2015-12-17T04:44:09Z", "views": 0, "user": 10, "activity": 8}, "model": "rtiapp.activity_relevance", "pk": 213}, {"fields": {"relevance": 1.64671436063932, "update_date": "2015-12-17T04:44:09Z", "views": 0, "user": 10, "activity": 9}, "model": "rtiapp.activity_relevance", "pk": 214}, {"fields": {"relevance": 1.64734518244471, "update_date": "2015-12-17T04:44:09Z", "views": 0, "user": 10, "activity": 10}, "model": "rtiapp.activity_relevance", "pk": 215}, {"fields": {"relevance": 1.89194991086034, "update_date": "2015-12-17T04:44:10Z", "views": 0, "user": 10, "activity": 18}, "model": "rtiapp.activity_relevance", "pk": 216}, {"fields": {"relevance": 0.654479693809677, "update_date": "2015-12-17T04:44:10Z", "views": 0, "user": 10, "activity": 19}, "model": "rtiapp.activity_relevance", "pk": 217}, {"fields": {"relevance": 0.663192240934581, "update_date": "2015-12-17T04:44:10Z", "views": 4, "user": 10, "activity": 20}, "model": "rtiapp.activity_relevance", "pk": 218}, {"fields": {"relevance": 1.98963827258136, "update_date": "2015-12-17T04:44:10Z", "views": 0, "user": 10, "activity": 21}, "model": "rtiapp.activity_relevance", "pk": 219}, {"fields": {"relevance": 1.98964611025373, "update_date": "2015-12-17T04:44:10Z", "views": 0, "user": 10, "activity": 22}, "model": "rtiapp.activity_relevance", "pk": 220}, {"fields": {"relevance": 0.99971067088759, "update_date": "2015-12-17T04:44:10Z", "views": 0, "user": 10, "activity": 23}, "model": "rtiapp.activity_relevance", "pk": 221}, {"fields": {"relevance": 0.999945128890475, "update_date": "2015-12-17T04:44:10Z", "views": 0, "user": 10, "activity": 24}, "model": "rtiapp.activity_relevance", "pk": 222}, {"fields": {"relevance": 1.00053555706204, "update_date": "2015-12-17T04:44:10Z", "views": 0, "user": 10, "activity": 25}, "model": "rtiapp.activity_relevance", "pk": 223}, {"fields": {"relevance": 2.00129167259692, "update_date": "2015-12-17T04:44:11Z", "views": 4, "user": 10, "activity": 26}, "model": "rtiapp.activity_relevance", "pk": 224}, {"fields": {"relevance": 1.05250011427113, "update_date": "2015-12-17T04:44:11Z", "views": 0, "user": 10, "activity": 27}, "model": "rtiapp.activity_relevance", "pk": 225}, {"fields": {"relevance": 1.05255869912798, "update_date": "2015-12-17T04:44:11Z", "views": 0, "user": 10, "activity": 28}, "model": "rtiapp.activity_relevance", "pk": 226}, {"fields": {"relevance": 1.0525640321478, "update_date": "2015-12-17T04:44:11Z", "views": 4, "user": 10, "activity": 29}, "model": "rtiapp.activity_relevance", "pk": 227}, {"fields": {"relevance": 2.34637797973391, "update_date": "2015-12-17T05:48:52Z", "views": 0, "user": 1, "activity": 31}, "model": "rtiapp.activity_relevance", "pk": 228}, {"fields": {"relevance": 2.34637230351461, "update_date": "2015-12-17T05:48:52Z", "views": 0, "user": 2, "activity": 31}, "model": "rtiapp.activity_relevance", "pk": 229}, {"fields": {"relevance": 1.75977348505748, "update_date": "2015-12-17T05:48:53Z", "views": 0, "user": 3, "activity": 31}, "model": "rtiapp.activity_relevance", "pk": 230}, {"fields": {"relevance": 1.75976901168127, "update_date": "2015-12-17T05:48:53Z", "views": 0, "user": 4, "activity": 31}, "model": "rtiapp.activity_relevance", "pk": 231}, {"fields": {"relevance": 1.75976420641732, "update_date": "2015-12-17T05:48:53Z", "views": 0, "user": 5, "activity": 31}, "model": "rtiapp.activity_relevance", "pk": 232}, {"fields": {"relevance": 1.75975796532404, "update_date": "2015-12-17T05:48:53Z", "views": 0, "user": 6, "activity": 31}, "model": "rtiapp.activity_relevance", "pk": 233}, {"fields": {"relevance": 1.75975231819477, "update_date": "2015-12-17T05:48:53Z", "views": 0, "user": 7, "activity": 31}, "model": "rtiapp.activity_relevance", "pk": 234}, {"fields": {"relevance": 1.759748582412, "update_date": "2015-12-17T05:48:53Z", "views": 0, "user": 8, "activity": 31}, "model": "rtiapp.activity_relevance", "pk": 235}, {"fields": {"relevance": 1.75974135193302, "update_date": "2015-12-17T05:48:53Z", "views": 0, "user": 9, "activity": 31}, "model": "rtiapp.activity_relevance", "pk": 236}, {"fields": {"relevance": 1.75973773962801, "update_date": "2015-12-17T05:48:53Z", "views": 0, "user": 10, "activity": 31}, "model": "rtiapp.activity_relevance", "pk": 237}, {"fields": {"relevance": 2.66575143815379, "update_date": "2015-12-17T05:58:11Z", "views": 23, "user": 1, "activity": 32}, "model": "rtiapp.activity_relevance", "pk": 238}, {"fields": {"relevance": 2.66574384843568, "update_date": "2015-12-17T05:58:11Z", "views": 8, "user": 2, "activity": 32}, "model": "rtiapp.activity_relevance", "pk": 239}, {"fields": {"relevance": 2.13258676152044, "update_date": "2015-12-17T05:58:12Z", "views": 0, "user": 3, "activity": 32}, "model": "rtiapp.activity_relevance", "pk": 240}, {"fields": {"relevance": 2.13257999006774, "update_date": "2015-12-17T05:58:12Z", "views": 0, "user": 4, "activity": 32}, "model": "rtiapp.activity_relevance", "pk": 241}, {"fields": {"relevance": 2.13257599754354, "update_date": "2015-12-17T05:58:12Z", "views": 0, "user": 5, "activity": 32}, "model": "rtiapp.activity_relevance", "pk": 242}, {"fields": {"relevance": 2.13257306947855, "update_date": "2015-12-17T05:58:12Z", "views": 0, "user": 6, "activity": 32}, "model": "rtiapp.activity_relevance", "pk": 243}, {"fields": {"relevance": 2.13256817636902, "update_date": "2015-12-17T05:58:12Z", "views": 3, "user": 7, "activity": 32}, "model": "rtiapp.activity_relevance", "pk": 244}, {"fields": {"relevance": 2.13256334593258, "update_date": "2015-12-17T05:58:12Z", "views": 0, "user": 8, "activity": 32}, "model": "rtiapp.activity_relevance", "pk": 245}, {"fields": {"relevance": 2.1325557968452, "update_date": "2015-12-17T05:58:12Z", "views": 0, "user": 9, "activity": 32}, "model": "rtiapp.activity_relevance", "pk": 246}, {"fields": {"relevance": 2.13255178383018, "update_date": "2015-12-17T05:58:12Z", "views": 0, "user": 10, "activity": 32}, "model": "rtiapp.activity_relevance", "pk": 247}, {"fields": {"relevance": 1.53606140642422, "update_date": "2015-12-17T15:32:44Z", "views": 0, "user": 11, "activity": 1}, "model": "rtiapp.activity_relevance", "pk": 248}, {"fields": {"relevance": 1.536301012166, "update_date": "2015-12-17T15:32:44Z", "views": 0, "user": 11, "activity": 2}, "model": "rtiapp.activity_relevance", "pk": 249}, {"fields": {"relevance": 1.53634496254524, "update_date": "2015-12-17T15:32:44Z", "views": 0, "user": 11, "activity": 3}, "model": "rtiapp.activity_relevance", "pk": 250}, {"fields": {"relevance": 1.53645053957, "update_date": "2015-12-17T15:32:44Z", "views": 0, "user": 11, "activity": 4}, "model": "rtiapp.activity_relevance", "pk": 251}, {"fields": {"relevance": 1.53655175588072, "update_date": "2015-12-17T15:32:45Z", "views": 0, "user": 11, "activity": 5}, "model": "rtiapp.activity_relevance", "pk": 252}, {"fields": {"relevance": 0.512941699494678, "update_date": "2015-12-17T15:32:45Z", "views": 0, "user": 11, "activity": 6}, "model": "rtiapp.activity_relevance", "pk": 253}, {"fields": {"relevance": 0.512952785412748, "update_date": "2015-12-17T15:32:45Z", "views": 0, "user": 11, "activity": 7}, "model": "rtiapp.activity_relevance", "pk": 254}, {"fields": {"relevance": 1.53890273586006, "update_date": "2015-12-17T15:32:45Z", "views": 0, "user": 11, "activity": 8}, "model": "rtiapp.activity_relevance", "pk": 255}, {"fields": {"relevance": 1.54137387875151, "update_date": "2015-12-17T15:32:45Z", "views": 0, "user": 11, "activity": 9}, "model": "rtiapp.activity_relevance", "pk": 256}, {"fields": {"relevance": 1.54180482439042, "update_date": "2015-12-17T15:32:45Z", "views": 0, "user": 11, "activity": 10}, "model": "rtiapp.activity_relevance", "pk": 257}, {"fields": {"relevance": 1.69239731752637, "update_date": "2015-12-17T15:32:45Z", "views": 0, "user": 11, "activity": 18}, "model": "rtiapp.activity_relevance", "pk": 258}, {"fields": {"relevance": 0.576822257003772, "update_date": "2015-12-17T15:32:45Z", "views": 0, "user": 11, "activity": 19}, "model": "rtiapp.activity_relevance", "pk": 259}, {"fields": {"relevance": 0.581252233627113, "update_date": "2015-12-17T15:32:45Z", "views": 7, "user": 11, "activity": 20}, "model": "rtiapp.activity_relevance", "pk": 260}, {"fields": {"relevance": 1.74378817379755, "update_date": "2015-12-17T15:32:45Z", "views": 0, "user": 11, "activity": 21}, "model": "rtiapp.activity_relevance", "pk": 261}, {"fields": {"relevance": 1.74379258677493, "update_date": "2015-12-17T15:32:45Z", "views": 0, "user": 11, "activity": 22}, "model": "rtiapp.activity_relevance", "pk": 262}, {"fields": {"relevance": 1.16578551944855, "update_date": "2015-12-17T15:32:45Z", "views": 0, "user": 11, "activity": 23}, "model": "rtiapp.activity_relevance", "pk": 263}, {"fields": {"relevance": 1.16594121585905, "update_date": "2015-12-17T15:32:45Z", "views": 0, "user": 11, "activity": 24}, "model": "rtiapp.activity_relevance", "pk": 264}, {"fields": {"relevance": 1.16633258422315, "update_date": "2015-12-17T15:32:45Z", "views": 0, "user": 11, "activity": 25}, "model": "rtiapp.activity_relevance", "pk": 265}, {"fields": {"relevance": 1.74960898739304, "update_date": "2015-12-17T15:32:45Z", "views": 7, "user": 11, "activity": 26}, "model": "rtiapp.activity_relevance", "pk": 266}, {"fields": {"relevance": 1.1990797541552, "update_date": "2015-12-17T15:32:45Z", "views": 0, "user": 11, "activity": 27}, "model": "rtiapp.activity_relevance", "pk": 267}, {"fields": {"relevance": 1.19911520588662, "update_date": "2015-12-17T15:32:45Z", "views": 0, "user": 11, "activity": 28}, "model": "rtiapp.activity_relevance", "pk": 268}, {"fields": {"relevance": 1.19911867563884, "update_date": "2015-12-17T15:32:45Z", "views": 0, "user": 11, "activity": 29}, "model": "rtiapp.activity_relevance", "pk": 269}, {"fields": {"relevance": 1.43589398477233, "update_date": "2015-12-17T15:32:45Z", "views": 0, "user": 11, "activity": 30}, "model": "rtiapp.activity_relevance", "pk": 270}, {"fields": {"relevance": 1.4687704277015, "update_date": "2015-12-17T15:32:45Z", "views": 0, "user": 11, "activity": 31}, "model": "rtiapp.activity_relevance", "pk": 271}, {"fields": {"relevance": 1.47431741619828, "update_date": "2015-12-17T15:32:45Z", "views": 7, "user": 11, "activity": 32}, "model": "rtiapp.activity_relevance", "pk": 272}, {"fields": {"relevance": 1.17319217407712, "update_date": "2015-12-18T14:53:25Z", "views": 0, "user": 1, "activity": 36}, "model": "rtiapp.activity_relevance", "pk": 273}, {"fields": {"relevance": 1.17319153326329, "update_date": "2015-12-18T14:53:25Z", "views": 0, "user": 2, "activity": 36}, "model": "rtiapp.activity_relevance", "pk": 274}, {"fields": {"relevance": 1.75978638601495, "update_date": "2015-12-18T14:53:25Z", "views": 0, "user": 3, "activity": 36}, "model": "rtiapp.activity_relevance", "pk": 275}, {"fields": {"relevance": 1.17319031263765, "update_date": "2015-12-18T14:53:25Z", "views": 0, "user": 4, "activity": 36}, "model": "rtiapp.activity_relevance", "pk": 276}, {"fields": {"relevance": 1.17318969348101, "update_date": "2015-12-18T14:53:25Z", "views": 0, "user": 5, "activity": 36}, "model": "rtiapp.activity_relevance", "pk": 277}, {"fields": {"relevance": 1.17318907967811, "update_date": "2015-12-18T14:53:25Z", "views": 0, "user": 6, "activity": 36}, "model": "rtiapp.activity_relevance", "pk": 278}, {"fields": {"relevance": 1.17318848116928, "update_date": "2015-12-18T14:53:25Z", "views": 0, "user": 7, "activity": 36}, "model": "rtiapp.activity_relevance", "pk": 279}, {"fields": {"relevance": 1.17318787904692, "update_date": "2015-12-18T14:53:25Z", "views": 0, "user": 8, "activity": 36}, "model": "rtiapp.activity_relevance", "pk": 280}, {"fields": {"relevance": 1.17318726062492, "update_date": "2015-12-18T14:53:25Z", "views": 0, "user": 9, "activity": 36}, "model": "rtiapp.activity_relevance", "pk": 281}, {"fields": {"relevance": 1.75977996820685, "update_date": "2015-12-18T14:53:25Z", "views": 0, "user": 10, "activity": 36}, "model": "rtiapp.activity_relevance", "pk": 282}, {"fields": {"relevance": 1.17318605951404, "update_date": "2015-12-18T14:53:25Z", "views": 0, "user": 11, "activity": 36}, "model": "rtiapp.activity_relevance", "pk": 283}, {"fields": {"relevance": 4.10617565805234, "update_date": "2015-12-18T14:54:13Z", "views": 0, "user": 1, "activity": 37}, "model": "rtiapp.activity_relevance", "pk": 284}, {"fields": {"relevance": 4.10617347760396, "update_date": "2015-12-18T14:54:13Z", "views": 0, "user": 2, "activity": 37}, "model": "rtiapp.activity_relevance", "pk": 285}, {"fields": {"relevance": 3.51957539579299, "update_date": "2015-12-18T14:54:13Z", "views": 0, "user": 3, "activity": 37}, "model": "rtiapp.activity_relevance", "pk": 286}, {"fields": {"relevance": 3.51957351829441, "update_date": "2015-12-18T14:54:13Z", "views": 0, "user": 4, "activity": 37}, "model": "rtiapp.activity_relevance", "pk": 287}, {"fields": {"relevance": 3.51957164893262, "update_date": "2015-12-18T14:54:13Z", "views": 0, "user": 5, "activity": 37}, "model": "rtiapp.activity_relevance", "pk": 288}, {"fields": {"relevance": 3.5195697929211, "update_date": "2015-12-18T14:54:13Z", "views": 0, "user": 6, "activity": 37}, "model": "rtiapp.activity_relevance", "pk": 289}, {"fields": {"relevance": 3.51956797601445, "update_date": "2015-12-18T14:54:13Z", "views": 0, "user": 7, "activity": 37}, "model": "rtiapp.activity_relevance", "pk": 290}, {"fields": {"relevance": 3.51956619539718, "update_date": "2015-12-18T14:54:13Z", "views": 0, "user": 8, "activity": 37}, "model": "rtiapp.activity_relevance", "pk": 291}, {"fields": {"relevance": 3.51956438996708, "update_date": "2015-12-18T14:54:13Z", "views": 0, "user": 9, "activity": 37}, "model": "rtiapp.activity_relevance", "pk": 292}, {"fields": {"relevance": 4.10615629315914, "update_date": "2015-12-18T14:54:13Z", "views": 0, "user": 10, "activity": 37}, "model": "rtiapp.activity_relevance", "pk": 293}, {"fields": {"relevance": 3.5195606919481, "update_date": "2015-12-18T14:54:13Z", "views": 0, "user": 11, "activity": 37}, "model": "rtiapp.activity_relevance", "pk": 294}, {"fields": {"relevance": 1.2516205212013, "update_date": "2015-12-20T14:35:56Z", "views": 0, "user": 14, "activity": 1}, "model": "rtiapp.activity_relevance", "pk": 295}, {"fields": {"relevance": 1.25168593452172, "update_date": "2015-12-20T14:35:56Z", "views": 0, "user": 14, "activity": 2}, "model": "rtiapp.activity_relevance", "pk": 296}, {"fields": {"relevance": 1.25169790927998, "update_date": "2015-12-20T14:35:56Z", "views": 0, "user": 14, "activity": 3}, "model": "rtiapp.activity_relevance", "pk": 297}, {"fields": {"relevance": 1.2517267347699, "update_date": "2015-12-20T14:35:56Z", "views": 0, "user": 14, "activity": 4}, "model": "rtiapp.activity_relevance", "pk": 298}, {"fields": {"relevance": 1.25175436294854, "update_date": "2015-12-20T14:35:56Z", "views": 0, "user": 14, "activity": 5}, "model": "rtiapp.activity_relevance", "pk": 299}, {"fields": {"relevance": 0.417457746198361, "update_date": "2015-12-20T14:35:56Z", "views": 0, "user": 14, "activity": 6}, "model": "rtiapp.activity_relevance", "pk": 300}, {"fields": {"relevance": 0.417460756479942, "update_date": "2015-12-20T14:35:56Z", "views": 0, "user": 14, "activity": 7}, "model": "rtiapp.activity_relevance", "pk": 301}, {"fields": {"relevance": 1.25239431339877, "update_date": "2015-12-20T14:35:56Z", "views": 0, "user": 14, "activity": 8}, "model": "rtiapp.activity_relevance", "pk": 302}, {"fields": {"relevance": 1.25306315696823, "update_date": "2015-12-20T14:35:56Z", "views": 0, "user": 14, "activity": 9}, "model": "rtiapp.activity_relevance", "pk": 303}, {"fields": {"relevance": 1.25317939607012, "update_date": "2015-12-20T14:35:56Z", "views": 0, "user": 14, "activity": 10}, "model": "rtiapp.activity_relevance", "pk": 304}, {"fields": {"relevance": 1.28738090080739, "update_date": "2015-12-20T14:35:56Z", "views": 0, "user": 14, "activity": 18}, "model": "rtiapp.activity_relevance", "pk": 305}, {"fields": {"relevance": 0.431432155331985, "update_date": "2015-12-20T14:35:56Z", "views": 0, "user": 14, "activity": 19}, "model": "rtiapp.activity_relevance", "pk": 306}, {"fields": {"relevance": 0.432191031842372, "update_date": "2015-12-20T14:35:56Z", "views": 8, "user": 14, "activity": 20}, "model": "rtiapp.activity_relevance", "pk": 307}, {"fields": {"relevance": 1.29657840144522, "update_date": "2015-12-20T14:35:56Z", "views": 0, "user": 14, "activity": 21}, "model": "rtiapp.activity_relevance", "pk": 308}, {"fields": {"relevance": 1.29657914302526, "update_date": "2015-12-20T14:35:56Z", "views": 0, "user": 14, "activity": 22}, "model": "rtiapp.activity_relevance", "pk": 309}, {"fields": {"relevance": 0.864932652451628, "update_date": "2015-12-20T14:35:56Z", "views": 0, "user": 14, "activity": 23}, "model": "rtiapp.activity_relevance", "pk": 310}, {"fields": {"relevance": 0.864958623141642, "update_date": "2015-12-20T14:35:56Z", "views": 0, "user": 14, "activity": 24}, "model": "rtiapp.activity_relevance", "pk": 311}, {"fields": {"relevance": 0.865023832116837, "update_date": "2015-12-20T14:35:57Z", "views": 0, "user": 14, "activity": 25}, "model": "rtiapp.activity_relevance", "pk": 312}, {"fields": {"relevance": 1.29755396641761, "update_date": "2015-12-20T14:35:57Z", "views": 0, "user": 14, "activity": 26}, "model": "rtiapp.activity_relevance", "pk": 313}, {"fields": {"relevance": 0.870189099656672, "update_date": "2015-12-20T14:35:57Z", "views": 0, "user": 14, "activity": 27}, "model": "rtiapp.activity_relevance", "pk": 314}, {"fields": {"relevance": 0.870194343648534, "update_date": "2015-12-20T14:35:57Z", "views": 0, "user": 14, "activity": 28}, "model": "rtiapp.activity_relevance", "pk": 315}, {"fields": {"relevance": 0.870194828939298, "update_date": "2015-12-20T14:35:57Z", "views": 0, "user": 14, "activity": 29}, "model": "rtiapp.activity_relevance", "pk": 316}, {"fields": {"relevance": 0.895065183658608, "update_date": "2015-12-20T14:35:57Z", "views": 0, "user": 14, "activity": 30}, "model": "rtiapp.activity_relevance", "pk": 317}, {"fields": {"relevance": 0.897332801941991, "update_date": "2015-12-20T14:35:57Z", "views": 0, "user": 14, "activity": 31}, "model": "rtiapp.activity_relevance", "pk": 318}, {"fields": {"relevance": 0.897695475988644, "update_date": "2015-12-20T14:35:57Z", "views": 0, "user": 14, "activity": 32}, "model": "rtiapp.activity_relevance", "pk": 319}, {"fields": {"relevance": 1.50573809565776, "update_date": "2015-12-20T14:35:57Z", "views": 1, "user": 14, "activity": 34}, "model": "rtiapp.activity_relevance", "pk": 320}, {"fields": {"relevance": 1.00549536071092, "update_date": "2015-12-20T14:35:58Z", "views": 8, "user": 14, "activity": 35}, "model": "rtiapp.activity_relevance", "pk": 321}, {"fields": {"relevance": 0.503241926928367, "update_date": "2015-12-20T14:35:58Z", "views": 0, "user": 14, "activity": 36}, "model": "rtiapp.activity_relevance", "pk": 322}, {"fields": {"relevance": 1.50982077562126, "update_date": "2015-12-20T14:35:58Z", "views": 0, "user": 14, "activity": 37}, "model": "rtiapp.activity_relevance", "pk": 323}, {"fields": {"relevance": 4.69277023854625, "update_date": "2015-12-20T14:48:54Z", "views": 0, "user": 1, "activity": 38}, "model": "rtiapp.activity_relevance", "pk": 324}, {"fields": {"relevance": 4.69276755878248, "update_date": "2015-12-20T14:48:54Z", "views": 0, "user": 2, "activity": 38}, "model": "rtiapp.activity_relevance", "pk": 325}, {"fields": {"relevance": 4.10616911173245, "update_date": "2015-12-20T14:48:54Z", "views": 0, "user": 3, "activity": 38}, "model": "rtiapp.activity_relevance", "pk": 326}, {"fields": {"relevance": 4.10616687132408, "update_date": "2015-12-20T14:48:54Z", "views": 0, "user": 4, "activity": 38}, "model": "rtiapp.activity_relevance", "pk": 327}, {"fields": {"relevance": 4.10616463858411, "update_date": "2015-12-20T14:48:54Z", "views": 0, "user": 5, "activity": 38}, "model": "rtiapp.activity_relevance", "pk": 328}, {"fields": {"relevance": 4.10616231509898, "update_date": "2015-12-20T14:48:54Z", "views": 0, "user": 6, "activity": 38}, "model": "rtiapp.activity_relevance", "pk": 329}, {"fields": {"relevance": 4.10615993712041, "update_date": "2015-12-20T14:48:54Z", "views": 0, "user": 7, "activity": 38}, "model": "rtiapp.activity_relevance", "pk": 330}, {"fields": {"relevance": 4.1061573637806, "update_date": "2015-12-20T14:48:54Z", "views": 0, "user": 8, "activity": 38}, "model": "rtiapp.activity_relevance", "pk": 331}, {"fields": {"relevance": 4.10615519942569, "update_date": "2015-12-20T14:48:54Z", "views": 0, "user": 9, "activity": 38}, "model": "rtiapp.activity_relevance", "pk": 332}, {"fields": {"relevance": 4.10615279178044, "update_date": "2015-12-20T14:48:54Z", "views": 0, "user": 10, "activity": 38}, "model": "rtiapp.activity_relevance", "pk": 333}, {"fields": {"relevance": 4.10615016371609, "update_date": "2015-12-20T14:48:54Z", "views": 0, "user": 11, "activity": 38}, "model": "rtiapp.activity_relevance", "pk": 334}, {"fields": {"relevance": 4.10614772554846, "update_date": "2015-12-20T14:48:54Z", "views": 0, "user": 12, "activity": 38}, "model": "rtiapp.activity_relevance", "pk": 335}, {"fields": {"relevance": 4.10614511404003, "update_date": "2015-12-20T14:48:54Z", "views": 0, "user": 13, "activity": 38}, "model": "rtiapp.activity_relevance", "pk": 336}, {"fields": {"relevance": 4.10614273536848, "update_date": "2015-12-20T14:48:54Z", "views": 1, "user": 14, "activity": 38}, "model": "rtiapp.activity_relevance", "pk": 337}, {"fields": {"relevance": 5.27936683289825, "update_date": "2015-12-20T15:33:18Z", "views": 6, "user": 1, "activity": 39}, "model": "rtiapp.activity_relevance", "pk": 338}, {"fields": {"relevance": 5.27936316860808, "update_date": "2015-12-20T15:33:18Z", "views": 0, "user": 2, "activity": 39}, "model": "rtiapp.activity_relevance", "pk": 339}, {"fields": {"relevance": 4.69276405473055, "update_date": "2015-12-20T15:33:18Z", "views": 0, "user": 3, "activity": 39}, "model": "rtiapp.activity_relevance", "pk": 340}, {"fields": {"relevance": 4.6927607778585, "update_date": "2015-12-20T15:33:18Z", "views": 0, "user": 4, "activity": 39}, "model": "rtiapp.activity_relevance", "pk": 341}, {"fields": {"relevance": 4.69275754993233, "update_date": "2015-12-20T15:33:18Z", "views": 0, "user": 5, "activity": 39}, "model": "rtiapp.activity_relevance", "pk": 342}, {"fields": {"relevance": 4.69275432674129, "update_date": "2015-12-20T15:33:18Z", "views": 0, "user": 6, "activity": 39}, "model": "rtiapp.activity_relevance", "pk": 343}, {"fields": {"relevance": 4.69275107478006, "update_date": "2015-12-20T15:33:18Z", "views": 0, "user": 7, "activity": 39}, "model": "rtiapp.activity_relevance", "pk": 344}, {"fields": {"relevance": 4.69274780600508, "update_date": "2015-12-20T15:33:18Z", "views": 0, "user": 8, "activity": 39}, "model": "rtiapp.activity_relevance", "pk": 345}, {"fields": {"relevance": 4.69274437652532, "update_date": "2015-12-20T15:33:18Z", "views": 0, "user": 9, "activity": 39}, "model": "rtiapp.activity_relevance", "pk": 346}, {"fields": {"relevance": 5.27933342623805, "update_date": "2015-12-20T15:33:18Z", "views": 0, "user": 10, "activity": 39}, "model": "rtiapp.activity_relevance", "pk": 347}, {"fields": {"relevance": 4.69273744919361, "update_date": "2015-12-20T15:33:18Z", "views": 0, "user": 11, "activity": 39}, "model": "rtiapp.activity_relevance", "pk": 348}, {"fields": {"relevance": 4.69273464090183, "update_date": "2015-12-20T15:33:18Z", "views": 0, "user": 12, "activity": 39}, "model": "rtiapp.activity_relevance", "pk": 349}, {"fields": {"relevance": 4.69273216210292, "update_date": "2015-12-20T15:33:18Z", "views": 0, "user": 13, "activity": 39}, "model": "rtiapp.activity_relevance", "pk": 350}, {"fields": {"relevance": 4.69272962992379, "update_date": "2015-12-20T15:33:18Z", "views": 6, "user": 14, "activity": 39}, "model": "rtiapp.activity_relevance", "pk": 351}, {"fields": {"relevance": 1.62191107131222, "update_date": "2015-12-21T08:33:38Z", "views": 0, "user": 15, "activity": 1}, "model": "rtiapp.activity_relevance", "pk": 352}, {"fields": {"relevance": 1.62198283789895, "update_date": "2015-12-21T08:33:38Z", "views": 0, "user": 15, "activity": 2}, "model": "rtiapp.activity_relevance", "pk": 353}, {"fields": {"relevance": 1.62199599659554, "update_date": "2015-12-21T08:33:38Z", "views": 0, "user": 15, "activity": 3}, "model": "rtiapp.activity_relevance", "pk": 354}, {"fields": {"relevance": 1.62202760052959, "update_date": "2015-12-21T08:33:38Z", "views": 0, "user": 15, "activity": 4}, "model": "rtiapp.activity_relevance", "pk": 355}, {"fields": {"relevance": 1.62205789125168, "update_date": "2015-12-21T08:33:38Z", "views": 0, "user": 15, "activity": 5}, "model": "rtiapp.activity_relevance", "pk": 356}, {"fields": {"relevance": 0.405684043057386, "update_date": "2015-12-21T08:33:38Z", "views": 0, "user": 15, "activity": 6}, "model": "rtiapp.activity_relevance", "pk": 357}, {"fields": {"relevance": 0.405686517258251, "update_date": "2015-12-21T08:33:38Z", "views": 0, "user": 15, "activity": 7}, "model": "rtiapp.activity_relevance", "pk": 358}, {"fields": {"relevance": 1.62275927010812, "update_date": "2015-12-21T08:33:38Z", "views": 0, "user": 15, "activity": 8}, "model": "rtiapp.activity_relevance", "pk": 359}, {"fields": {"relevance": 1.62349195274153, "update_date": "2015-12-21T08:33:38Z", "views": 0, "user": 15, "activity": 9}, "model": "rtiapp.activity_relevance", "pk": 360}, {"fields": {"relevance": 1.62361925132904, "update_date": "2015-12-21T08:33:38Z", "views": 0, "user": 15, "activity": 10}, "model": "rtiapp.activity_relevance", "pk": 361}, {"fields": {"relevance": 1.66058919675557, "update_date": "2015-12-21T08:33:38Z", "views": 0, "user": 15, "activity": 18}, "model": "rtiapp.activity_relevance", "pk": 362}, {"fields": {"relevance": 0.416986302427462, "update_date": "2015-12-21T08:33:38Z", "views": 0, "user": 15, "activity": 19}, "model": "rtiapp.activity_relevance", "pk": 363}, {"fields": {"relevance": 0.417589480605501, "update_date": "2015-12-21T08:33:38Z", "views": 1, "user": 15, "activity": 20}, "model": "rtiapp.activity_relevance", "pk": 364}, {"fields": {"relevance": 1.67036354433192, "update_date": "2015-12-21T08:33:39Z", "views": 0, "user": 15, "activity": 21}, "model": "rtiapp.activity_relevance", "pk": 365}, {"fields": {"relevance": 1.67036432717469, "update_date": "2015-12-21T08:33:39Z", "views": 0, "user": 15, "activity": 22}, "model": "rtiapp.activity_relevance", "pk": 366}, {"fields": {"relevance": 0.835616039462245, "update_date": "2015-12-21T08:33:39Z", "views": 0, "user": 15, "activity": 23}, "model": "rtiapp.activity_relevance", "pk": 367}, {"fields": {"relevance": 0.835636652688686, "update_date": "2015-12-21T08:33:39Z", "views": 0, "user": 15, "activity": 24}, "model": "rtiapp.activity_relevance", "pk": 368}, {"fields": {"relevance": 0.835688416816224, "update_date": "2015-12-21T08:33:39Z", "views": 0, "user": 15, "activity": 25}, "model": "rtiapp.activity_relevance", "pk": 369}, {"fields": {"relevance": 1.67139623561426, "update_date": "2015-12-21T08:33:39Z", "views": 0, "user": 15, "activity": 26}, "model": "rtiapp.activity_relevance", "pk": 370}, {"fields": {"relevance": 0.839774196236209, "update_date": "2015-12-21T08:33:39Z", "views": 0, "user": 15, "activity": 27}, "model": "rtiapp.activity_relevance", "pk": 371}, {"fields": {"relevance": 0.839778368541176, "update_date": "2015-12-21T08:33:39Z", "views": 0, "user": 15, "activity": 28}, "model": "rtiapp.activity_relevance", "pk": 372}, {"fields": {"relevance": 0.839778777310675, "update_date": "2015-12-21T08:33:39Z", "views": 0, "user": 15, "activity": 29}, "model": "rtiapp.activity_relevance", "pk": 373}, {"fields": {"relevance": 0.859085368681912, "update_date": "2015-12-21T08:33:39Z", "views": 0, "user": 15, "activity": 30}, "model": "rtiapp.activity_relevance", "pk": 374}, {"fields": {"relevance": 0.860815243151909, "update_date": "2015-12-21T08:33:39Z", "views": 0, "user": 15, "activity": 31}, "model": "rtiapp.activity_relevance", "pk": 375}, {"fields": {"relevance": 0.861091461464224, "update_date": "2015-12-21T08:33:39Z", "views": 0, "user": 15, "activity": 32}, "model": "rtiapp.activity_relevance", "pk": 376}, {"fields": {"relevance": 1.8722382177831, "update_date": "2015-12-21T08:33:39Z", "views": 0, "user": 15, "activity": 34}, "model": "rtiapp.activity_relevance", "pk": 377}, {"fields": {"relevance": 0.937206383789928, "update_date": "2015-12-21T08:33:39Z", "views": 0, "user": 15, "activity": 35}, "model": "rtiapp.activity_relevance", "pk": 378}, {"fields": {"relevance": 0.468924327464039, "update_date": "2015-12-21T08:33:39Z", "views": 0, "user": 15, "activity": 36}, "model": "rtiapp.activity_relevance", "pk": 379}, {"fields": {"relevance": 1.87577967344863, "update_date": "2015-12-21T08:33:39Z", "views": 0, "user": 15, "activity": 37}, "model": "rtiapp.activity_relevance", "pk": 380}, {"fields": {"relevance": 2.54280621544449, "update_date": "2015-12-21T08:33:39Z", "views": 0, "user": 15, "activity": 38}, "model": "rtiapp.activity_relevance", "pk": 381}, {"fields": {"relevance": 2.56922497807118, "update_date": "2015-12-21T08:33:39Z", "views": 0, "user": 15, "activity": 39}, "model": "rtiapp.activity_relevance", "pk": 382}, {"fields": {"relevance": 2.10483969449361, "update_date": "2015-12-21T08:33:39Z", "views": 1, "user": 15, "activity": 40}, "model": "rtiapp.activity_relevance", "pk": 383}, {"fields": {"relevance": 4.2096773583096, "update_date": "2015-12-21T08:33:39Z", "views": 1, "user": 15, "activity": 41}, "model": "rtiapp.activity_relevance", "pk": 384}, {"fields": {"relevance": 0.0, "update_date": "2015-12-21T11:13:45Z", "views": 4, "user": 1, "activity": 43}, "model": "rtiapp.activity_relevance", "pk": 385}, {"fields": {"relevance": 0.0, "update_date": "2015-12-21T11:13:46Z", "views": 0, "user": 2, "activity": 43}, "model": "rtiapp.activity_relevance", "pk": 386}, {"fields": {"relevance": 0.0, "update_date": "2015-12-21T11:13:46Z", "views": 0, "user": 3, "activity": 43}, "model": "rtiapp.activity_relevance", "pk": 387}, {"fields": {"relevance": 0.0, "update_date": "2015-12-21T11:13:46Z", "views": 0, "user": 4, "activity": 43}, "model": "rtiapp.activity_relevance", "pk": 388}, {"fields": {"relevance": 0.0, "update_date": "2015-12-21T11:13:46Z", "views": 0, "user": 5, "activity": 43}, "model": "rtiapp.activity_relevance", "pk": 389}, {"fields": {"relevance": 0.0, "update_date": "2015-12-21T11:13:46Z", "views": 0, "user": 6, "activity": 43}, "model": "rtiapp.activity_relevance", "pk": 390}, {"fields": {"relevance": 0.0, "update_date": "2015-12-21T11:13:46Z", "views": 0, "user": 7, "activity": 43}, "model": "rtiapp.activity_relevance", "pk": 391}, {"fields": {"relevance": 0.0, "update_date": "2015-12-21T11:13:47Z", "views": 0, "user": 8, "activity": 43}, "model": "rtiapp.activity_relevance", "pk": 392}, {"fields": {"relevance": 0.0, "update_date": "2015-12-21T11:13:47Z", "views": 0, "user": 9, "activity": 43}, "model": "rtiapp.activity_relevance", "pk": 393}, {"fields": {"relevance": 0.586571631985479, "update_date": "2015-12-21T11:13:47Z", "views": 0, "user": 10, "activity": 43}, "model": "rtiapp.activity_relevance", "pk": 394}, {"fields": {"relevance": 0.0, "update_date": "2015-12-21T11:13:47Z", "views": 0, "user": 11, "activity": 43}, "model": "rtiapp.activity_relevance", "pk": 395}, {"fields": {"relevance": 0.0, "update_date": "2015-12-21T11:13:47Z", "views": 0, "user": 12, "activity": 43}, "model": "rtiapp.activity_relevance", "pk": 396}, {"fields": {"relevance": 0.0, "update_date": "2015-12-21T11:13:47Z", "views": 0, "user": 13, "activity": 43}, "model": "rtiapp.activity_relevance", "pk": 397}, {"fields": {"relevance": 0.586567597374462, "update_date": "2015-12-21T11:13:47Z", "views": 2, "user": 14, "activity": 43}, "model": "rtiapp.activity_relevance", "pk": 398}, {"fields": {"relevance": 0.0, "update_date": "2015-12-21T11:13:47Z", "views": 0, "user": 15, "activity": 43}, "model": "rtiapp.activity_relevance", "pk": 399}, {"fields": {"relevance": 1.17318017841848, "update_date": "2015-12-21T13:13:10Z", "views": 0, "user": 1, "activity": 44}, "model": "rtiapp.activity_relevance", "pk": 400}, {"fields": {"relevance": 0.586588461053696, "update_date": "2015-12-21T13:13:10Z", "views": 0, "user": 2, "activity": 44}, "model": "rtiapp.activity_relevance", "pk": 401}, {"fields": {"relevance": 0.586587829915932, "update_date": "2015-12-21T13:13:10Z", "views": 0, "user": 3, "activity": 44}, "model": "rtiapp.activity_relevance", "pk": 402}, {"fields": {"relevance": 0.58658664810555, "update_date": "2015-12-21T13:13:10Z", "views": 0, "user": 4, "activity": 44}, "model": "rtiapp.activity_relevance", "pk": 403}, {"fields": {"relevance": 0.586584007240955, "update_date": "2015-12-21T13:13:10Z", "views": 0, "user": 5, "activity": 44}, "model": "rtiapp.activity_relevance", "pk": 404}, {"fields": {"relevance": 0.586582496616424, "update_date": "2015-12-21T13:13:10Z", "views": 0, "user": 6, "activity": 44}, "model": "rtiapp.activity_relevance", "pk": 405}, {"fields": {"relevance": 0.586580811699382, "update_date": "2015-12-21T13:13:10Z", "views": 0, "user": 7, "activity": 44}, "model": "rtiapp.activity_relevance", "pk": 406}, {"fields": {"relevance": 0.586579697814729, "update_date": "2015-12-21T13:13:10Z", "views": 0, "user": 8, "activity": 44}, "model": "rtiapp.activity_relevance", "pk": 407}, {"fields": {"relevance": 0.586577892960109, "update_date": "2015-12-21T13:13:11Z", "views": 0, "user": 9, "activity": 44}, "model": "rtiapp.activity_relevance", "pk": 408}, {"fields": {"relevance": 0.586574969287679, "update_date": "2015-12-21T13:13:11Z", "views": 0, "user": 10, "activity": 44}, "model": "rtiapp.activity_relevance", "pk": 409}, {"fields": {"relevance": 0.586572270721439, "update_date": "2015-12-21T13:13:11Z", "views": 0, "user": 11, "activity": 44}, "model": "rtiapp.activity_relevance", "pk": 410}, {"fields": {"relevance": 0.586570030847696, "update_date": "2015-12-21T13:13:11Z", "views": 0, "user": 12, "activity": 44}, "model": "rtiapp.activity_relevance", "pk": 411}, {"fields": {"relevance": 0.58656834594168, "update_date": "2015-12-21T13:13:11Z", "views": 0, "user": 13, "activity": 44}, "model": "rtiapp.activity_relevance", "pk": 412}, {"fields": {"relevance": 0.586567143183089, "update_date": "2015-12-21T13:13:11Z", "views": 0, "user": 14, "activity": 44}, "model": "rtiapp.activity_relevance", "pk": 413}, {"fields": {"relevance": 0.586565590358843, "update_date": "2015-12-21T13:13:11Z", "views": 0, "user": 15, "activity": 44}, "model": "rtiapp.activity_relevance", "pk": 414}, {"fields": {"relevance": 1.75977540989532, "update_date": "2015-12-21T13:13:28Z", "views": 0, "user": 1, "activity": 45}, "model": "rtiapp.activity_relevance", "pk": 415}, {"fields": {"relevance": 1.17317665664646, "update_date": "2015-12-21T13:13:28Z", "views": 0, "user": 2, "activity": 45}, "model": "rtiapp.activity_relevance", "pk": 416}, {"fields": {"relevance": 1.17317248708307, "update_date": "2015-12-21T13:13:28Z", "views": 0, "user": 3, "activity": 45}, "model": "rtiapp.activity_relevance", "pk": 417}, {"fields": {"relevance": 1.1731699296946, "update_date": "2015-12-21T13:13:29Z", "views": 0, "user": 4, "activity": 45}, "model": "rtiapp.activity_relevance", "pk": 418}, {"fields": {"relevance": 1.17316678765641, "update_date": "2015-12-21T13:13:29Z", "views": 0, "user": 5, "activity": 45}, "model": "rtiapp.activity_relevance", "pk": 419}, {"fields": {"relevance": 1.17316155538592, "update_date": "2015-12-21T13:13:29Z", "views": 0, "user": 6, "activity": 45}, "model": "rtiapp.activity_relevance", "pk": 420}, {"fields": {"relevance": 1.1731574741554, "update_date": "2015-12-21T13:13:29Z", "views": 0, "user": 7, "activity": 45}, "model": "rtiapp.activity_relevance", "pk": 421}, {"fields": {"relevance": 1.17315386057575, "update_date": "2015-12-21T13:13:29Z", "views": 0, "user": 8, "activity": 45}, "model": "rtiapp.activity_relevance", "pk": 422}, {"fields": {"relevance": 1.17314856165562, "update_date": "2015-12-21T13:13:29Z", "views": 0, "user": 9, "activity": 45}, "model": "rtiapp.activity_relevance", "pk": 423}, {"fields": {"relevance": 1.17314607667486, "update_date": "2015-12-21T13:13:29Z", "views": 0, "user": 10, "activity": 45}, "model": "rtiapp.activity_relevance", "pk": 424}, {"fields": {"relevance": 1.173142319632, "update_date": "2015-12-21T13:13:29Z", "views": 0, "user": 11, "activity": 45}, "model": "rtiapp.activity_relevance", "pk": 425}, {"fields": {"relevance": 1.17313954122616, "update_date": "2015-12-21T13:13:29Z", "views": 0, "user": 12, "activity": 45}, "model": "rtiapp.activity_relevance", "pk": 426}, {"fields": {"relevance": 1.17313653748518, "update_date": "2015-12-21T13:13:29Z", "views": 0, "user": 13, "activity": 45}, "model": "rtiapp.activity_relevance", "pk": 427}, {"fields": {"relevance": 1.17313433810987, "update_date": "2015-12-21T13:13:30Z", "views": 2, "user": 14, "activity": 45}, "model": "rtiapp.activity_relevance", "pk": 428}, {"fields": {"relevance": 1.17313036022969, "update_date": "2015-12-21T13:13:30Z", "views": 0, "user": 15, "activity": 45}, "model": "rtiapp.activity_relevance", "pk": 429}, {"fields": {"query_picture": "query_pictures/BOSS-Route.pdf", "user": 3, "rti_hash": "3####2015-12-16 01:09:25.540798", "linked": true}, "model": "rtiapp.rti_unlinked_files", "pk": 2}, {"fields": {"query_picture": "query_pictures/stock-photo-anna-i-113081785.jpg", "user": 6, "rti_hash": "6####2015-12-16 01:36:26.461750", "linked": true}, "model": "rtiapp.rti_unlinked_files", "pk": 3}, {"fields": {"query_picture": "query_pictures/Navig8_Riverside_abstract.png", "user": 2, "rti_hash": "2####2015-12-17 11:17:33.817271", "linked": true}, "model": "rtiapp.rti_unlinked_files", "pk": 5}, {"fields": {"query_picture": "query_pictures/14506963246231190424035.jpg", "user": 1, "rti_hash": "1####2015-12-21 16:41:49.333033", "linked": true}, "model": "rtiapp.rti_unlinked_files", "pk": 6}, {"fields": {"action_flag": 2, "action_time": "2015-12-16T17:09:57Z", "object_repr": "PaarthNeekhara", "object_id": "1", "change_message": "Changed is_staff and is_superuser.", "user": 9, "content_type": 4}, "model": "admin.logentry", "pk": 1}, {"fields": {"action_flag": 2, "action_time": "2015-12-20T14:23:24Z", "object_repr": "rtistrtist", "object_id": "12", "change_message": "Changed last_name.", "user": 13, "content_type": 4}, "model": "admin.logentry", "pk": 2}, {"fields": {"action_flag": 2, "action_time": "2015-12-20T14:23:50Z", "object_repr": "rtist", "object_id": "12", "change_message": "Changed username.", "user": 13, "content_type": 4}, "model": "admin.logentry", "pk": 3}]