{"Drug Control": [{"category": "Licensing\u00a0", "query": "1.\tcertified copy of notice issue of m/s. mahavir medical store,       e-67/2, laxmi market, opp. canara bank, munirka, new delhi.", "response": "this has reference to your application dated 21.08.2009 on the subject cited above. in this connection, para-wise reply to the desired information, as made available to the undersigned, is given hereunder:"}], "Land & Building": [{"category": "Legal Matter\u00a0", "query": "certified copies of prop no. 1633 to 38\u00a0", "response": "replied vide letter no 8122\u00a0"}], "Netaji Subhash Institute of Tech.": [{"category": "Services/Estt Matters\u00a0", "query": "1. undersigned vide application dated 10.7.2009 has requested for the inspection of records, which were not shown to me without giving any reason.  permission for inspection of records related to action taken or being taken against sh. r.c. yadav, the then, hoo for providing wrong facts to hon'ble high court may be granted.\u00a0", "response": "           sh. anil kumar arora, a.e.(c)/m,"}], "Hi-Tech Vocational Training Centre, Okhla": [{"category": "Others\u00a0", "query": "details of s.t. emloyees at hi-tech vocational training centre\u00a0", "response": "it may be noted that in group a & b categories there are no employees from st category. following are st employees in group c & d category."}], "Man Power & Employment": [], "DT&TDC": [{"category": "General Issues Concerning Public\u00a0", "query": "reg. objection on running of liquor shop at shivaji enclave, new delhi\u00a0", "response": "this is with reference to your letter dated 20th july 2009 seeking information under right to information act, 2005.  the pointwise reply/information are as under:"}], "Home Guard & Civil Defence": [{"category": "Others\u00a0", "query": "1.\twhat is the status on complaint dt.01-07-09?", "response": "1\tthe complaint has been registered as preliminary investigation which is being under process."}], "State Co-operative  Bank Ltd.-(Delhi)": [{"category": "General Issues Concerning Public\u00a0", "query": "1.\twhy my speed post letter ( no. e 0369675133 in) dated 26-05-2009 was neither replied by your branch manager not the cmd after elapsing over a period of almost three monyhs. the copy of letter is enclosed for your perusal in the matter.", "response": "in reference to your letter mentioned above our point wise reply is as under"}], "Distt.and Session Judge Office": [{"category": "Others\u00a0", "query": "regarding recrutment rules of transfer & posting", "response": "enclosed 01 page.\u00a0"}], "Office of the Lokayukta": [{"category": "Redressal of Personal Grievance\u00a0", "query": "pleae provide me the information on the action taken on my complaint dated 09/09/2009.\u00a0", "response": "your complaint dated 09/09/2009 was recieved in this office on 09/09/2009 and was disposed off vide this office letter no. c-233/lok/2009/2366-67 dated 16/09/2009.\u00a0"}], "Services": [{"category": "Others\u00a0", "query": "kindly inform whether my name v.p. yadav, seniority no.877, gr-i dass was considered and kept in sealed-cover at the time of promoting my junior having seniority no.878 to adhoc danics cadre at the time of issuance of order date 14.02.96 by the services department-i, delhi admn., delhi as i was illegally placed under suspension on 26.12.1995 to mar my promotion on behest of sh. ramesh tiwari, the then addl. district magistrate (revenue) against whom i had filed a case of dafamation in the court of law and the same is subjudice.", "response": "the requisition made by you is ambiguous and clarificatory in nature, hence the same is not covered under section 2(f) of rti act, 2005.\u00a0"}], "Institute of Heritage Research and Management -(Delhi)": [{"category": "Others\u00a0", "query": "6. kindly elaborate if department of education had established any forum/ consultancy / platform / buffer (between institutes and employers) to help the born professionals and degree holders, even if not then what is the future strategy and planning regarding the same. \u00a0", "response": "does not pertain to us.\u00a0"}], "Khadi and village Industries Board-(Delhi)": [{"category": "Services/Estt Matters\u00a0", "query": "q2 what is the ratio(%) of promotion from group \u0096d to ldc in ur organization?\u00a0", "response": "ans. mode of recruitment for the post of ldc is 90% direct and 10% by promotion from the class-iv having reuquisite educational qualifivcations\u00a0"}], "Higher Education": [{"category": "Services/Estt Matters\u00a0", "query": "(a) kindly provide me a photocopy of the following documents relating to the last interview held for the post of principal of your college :", "response": "(a) "}], "Wakf Board-(Delhi)": [{"category": " Others , General Issues Concerning Public\u00a0", "query": "1.\twhether dwb applied for the demolition of unauthorized construction of building khasra no. 1151/3 to mcd? is this land under the government authorization or not?\u00a0", "response": "1.\tthe delhi wakf board has sent a complaint to the mcd against the unauthorized construction carried out by shri devi ram tanveer and shri lala ram verma copy of the same is enclosed.     \u00a0"}], "Chit Fund": [{"category": "Others\u00a0", "query": "(i)\twhether the m/s. mahak lucky scheme functioning from the office bearing no. f-12, jhilmil colony, delhi \u0096 95 is registered under madras chit fund act or any other chit fund act.", "response": "(i)\tas per record available with this department, no company under the name and style of m/s. mahak lucky scheme having its office at f-12, jhilmil colony, delhi \u0096 95, is registered with this department under the madras chit funds act, 1961/the chit funds act, 1982."}], "DCC Wholesale Stores Ltd": [{"category": "Services/Estt Matters\u00a0", "query": "what is the backlog of sc/st in all cadres? please provide the details along with noting of relevant file.\u00a0", "response": "the present status of the reserved category employee is as under :-"}], "Forest - Conservation Department": [{"category": "Services/Estt Matters\u00a0", "query": "certified copy of various posts in para vaterinary group of staffs existed in the animal husbandry department of union territory during the period of 4th, 5th & 6th cpc recommendations?\u00a0", "response": "there is no post of vaterinary group in the department of forests & wildlife, govt. of nct of delhi.. \u00a0"}], "Forensic Science Laboratory": [{"category": "Services/Estt Matters\u00a0", "query": "regarding viscra report of lt. smt. rakhi khanna and analysis of nuvam insecticide bottle etc.\u00a0", "response": "1.to3. - the viscera report and its remnants have not been collected by the police authorities till date."}], "Eco. & Statistics Directorate": [{"category": "Redressal of Personal Grievance\u00a0", "query": "death certificate - shri amrit lal mehta and issuance of two death certificates, one based on fraudulent facts etc. and complaints lodged with your office.\u00a0", "response": "information provided to ms hema d'seuza vide letter no.f4(1)/des/vs/2005/9439 dated 26th october, 2006 along with related documents\u00a0"}], "Family Welfare Directorate": [{"category": "Services/Estt Matters\u00a0", "query": "give details of vacant post of tech. assist. & lab tech. in delhi\u00a0", "response": "does not pertain to directorate of family welfare.\u00a0"}], "Language, Art & Culture": [{"category": "General Issues Concerning Public\u00a0", "query": "advertisment details with amounts etc by academy, to small newspapers approved by davp, literature related magazine & national newspapers or leading newspapers between 01/04/05 to 31/08/05.\u00a0", "response": "total expenditure 2,06,273 in advertisement  between 01.04.2005 to 31.08.2005 \u00a0"}], "Planning": [{"category": "Policy Matter\u00a0", "query": "year- wise break up of total amount of grant given to non govt. org. by various department of the govt. of nct delhi from fiscal year 2002-2003 ti 2009-10 for implemantation various schemes/ projects/ activities of the govt.\u00a0", "response": "inforamtion sought not available in this department \u00a0"}], "CM Office": [{"category": "Others\u00a0", "query": "reg. details of promoted officer/officials under hindi academy etc.\u00a0", "response": "pio art, culture and llanguage on 29.10.09\u00a0"}], "Training Directorate,UTCS": [{"category": " Others , Tender/Contract Related Issues \u00a0", "query": "(1)\tapke vibhag mei saph saphai ka karya apke vibhag ke sarkari karmchari karte hai ya apke kisi private thekedar se yah seva le rakhi hai.\u00a0", "response": "private thekedar.\u00a0"}], "Inderprastha Power Generation Co. Ltd.(GENCO)": [{"category": " Services/Estt Matters , Others , Retirement Benefits\u00a0", "query": "work profile allocated to medical consultant by ipgcl\u00a0", "response": "dr. o.p. rewaria was appointed as full time consultant (medical)for managing functioining of medical department in association with dr. k.b. gupta.......\u00a0"}], "Education": [{"category": "General Issues Concerning Public\u00a0", "query": "what is the status of sanskriti school malcha marg and its recognation orders, copy of articls of society which runs the school, inspection report and balance sheet (last five years)percentage of students belonging to weeker section in the school during last three years.\u00a0", "response": " the principal, sanskriti school has informed vide their letter no.ss/44/admn/06/ dated 7th july'2006 that this school is private school run by wives of serving civil services officers and is not a public authority as defined under the rti act-2005, as it is neither owned, controlled nor substantially financed by the government.(copy enclosed)\u00a0"}], "Institute of Human Behavior and Applied Sciences": [{"category": "Services/Estt Matters\u00a0", "query": "it is also state in reference to that how much amount has been expended to which vehicles used by to whom officer on account of fuel since 2004 to till date. \u00a0", "response": "not applicable\u00a0"}], "Nursing Council -(Delhi)": [], "Transport": [{"category": "Others\u00a0", "query": "information regarding allotment of shops / space at platform - d at isbt anand vihar.\u00a0", "response": "the desired information has been submitted.\u00a0"}], "Fire Service-(Delhi)": [{"category": "Others\u00a0", "query": "information regarding permisson for installed gate in priyadarsini vihar\u00a0", "response": "supplied\u00a0"}], "DSC Financial and Dev.Corp.Ltd.": [], "Society for Self Employment, Jhandewalan": [], "OBC-Commission": [{"category": "Others\u00a0", "query": "rava rajput\u00a0", "response": "information given to applicant\u00a0"}], "Delhi Institute of Pharmaceutical Science and Research": [{"category": "Services/Estt Matters\u00a0", "query": "action taken on my representation dt. 18.8.09 regarding settlement of outstanding licence fee claim in pursuant to decision in wp(c) no.582/2007, cm no. 1079/2007 regarding\u00a0", "response": "it is informed that your letter dated 18/8/09 as enclosed by you alongwith your rti application has not been received in this office as yet from the d.t.t.e.  further, from the perusal of records, it is observed that your letter dated 18/8/09 is, in fact, a reminder of your letter dated 1/7/09 addressed to the secretary (t.t.e.) vide which, you had requested to convey the amount of licence fees recoverable from your end.  the letter dated 1/7/2009, as received in this office on 1/9/09 through the supdt. (allotment), d.t.t.e., has been replied to vide this office letter no.ph-20(46)/2003-04/estt./4503-07, dated 30/9/09.  it may also be recalled that you attended this office and advised by the jao to give photocopies of licence fee passbook to settle the case.\u00a0"}], "Archives": [{"category": "Services/Estt Matters\u00a0", "query": "no. of post vacant in the pay scale of 4000-6000 & illegibility as per rr in all the departments of delhi administration, corporate sectors and boards.\u00a0", "response": "no post vacant in the department of delhi archives, govt. of nct of delhi in the scale of rs. 4000-6000.\u00a0"}], "Labour Welfare Board, 5, Shamnath Marg-(Delhi)": [], "Central Jail": [{"category": " Policy Matter , Convict Matters , Undertrial Matters\u00a0", "query": "the applicant seeking information as:", "response": "this order shall dispose of application under rti act.  the information on pertaining to prison deptt is as under:"}], "Cantt. Board -(Delhi)": [{"category": "Retirement Benefits\u00a0", "query": "1.  what is the reason that when i have completed 24 years of satisfactory service on 6.7.1989 and 12 years satisfactory service in senior scale on 31.12.1997 but my pay has not been fixed in selection scale of rs. 6500-200-10500 as per govt. of india, ministry of human resources development (department of education) new delhi letter no. f.5-180/86 uti dated 12.8.1987 and 3.11.1987 and director of education delhi (co-ordination branch) letter no. f.3-30/co-ord/87/edu. dated 3.12.1987.", "response": "1.  the matter is being examined to ascertain your eligibility for selection grade at that point of time."}], "Jal Board-(Delhi)": [{"category": "General Issues Concerning Public\u00a0", "query": "some queries regarding category\u00a0", "response": "information fully supplied \u00a0"}], "LG's Sectt.": [{"category": "Others\u00a0", "query": "atr of his letter 21.06.09\u00a0", "response": "reply has been given to an applicant vide no. 20601 dt. 27.08.09\u00a0"}], "DSCSC Ltd.": [{"category": "Services/Estt Matters\u00a0", "query": "details of contractors supplying sugar to ration shops.\u00a0", "response": "requisite information & photocopies have been forwarded to applicant.\u00a0"}], "State Consumer Disputes Redressal Commission": [{"category": "Redressal of Personal Grievance\u00a0", "query": "reply of the op bses to make available.\u00a0", "response": "with reference to letter dated 28.04.2006 it is informed that respondent no.2 bses has not yet filed the reply. however it may be informed that on25.04.2006 this commisison had ordered it to file the reply within four weeks with an advance copy to the appelalnt but on 22.05.2006 it was recorded by the commision that appelant had received a copy of the reply filed by respondent no.2 but the same was not on recrod. therefore the same wsdirected to be filed on record within a week and the case was further directed to be re-listed before bench no.1 of this commission for fixing the date of final arguments on 19.07.2006. moreover if so liked you may also inspect the case record as per rules. \u00a0"}], "Rajya Sainik Board": [{"category": "Policy Matter\u00a0", "query": "1.   hon'ble supreme court had passed order in 1985 air sc 1263 - is this order applicable to the govt. of delhi.", "response": "1.   the orders issued from time to time by the dept. of personnel & training, ministry of personnel, public grievances & pensions, govt. of india in regard to grant of ex-servicemen status to retired defence personnel is followed by the govt. of nct of delhi."}], "DSIDC Ltd": [{"category": "Others\u00a0", "query": "inforamtion under rti act-2005\u00a0", "response": "information  supplied\u00a0"}], "State Council of Educational Research and Trg.": [{"category": "Services/Estt Matters\u00a0", "query": "all questions related to administration branch\u00a0", "response": "all question have been answered.\u00a0"}], "Development Deptt. and its Units": [{"category": "General Issues Concerning Public\u00a0", "query": "whether there exists any notification of delhi administration with regard to area of shahbad daulatput showing that the same", "response": "as per available list of 169 rural villages in rural development deptt. the name of shahbad daulat pur appears at sl. no. 73 \u00a0"}], "Medical Council -(Delhi)": [{"category": "General Issues Concerning Public\u00a0", "query": "how many nursing homes are registered with delhi and what action dmc initiate against those unregistred nursing homes.\u00a0", "response": "reply to query 1 :\tregistration of nursing homes do not come within the purview of delhi medical council.  it fall within the jurisdiction of directorate of health services, govt. of nct of delhi, swasthya sewa nideshalay bhawan, f-17, karkardooma, delhi \u0096 110032"}], "Small Savings Directorate": [{"category": "Policy Matter\u00a0", "query": "forwarded the applicaiton of smt. anuradha gupta under rti act, point no. 3 to 5 of the information relates to the director, small savings and requested to supply the desired information.\u00a0", "response": "it is to inform that the applicaiton under rti mentioned in your letter is not found enclosed with the letter.  however, we have received a letter from ms. anuradha gupta dated 22.10.2007 requesting for a certified copy of the order made to dispose of her applicaiton for messenger facitlity (copy enclosed).  however, ms. anuradha gupta sought information under rti from this directorate vide her application dated 29.5.2007 regarding action taken on her application for messenger facility which was duly replied vide our letter dated 27.6.2007.  aggrieved by this ms. anuradha gupta appealed before the first appellate authority under rti act and the appellate authority passed appropriate order dated 7.8.2007.  copy of the information provided unde rti dated 27.6.2007 and order of first appellate authority are enclosed for information.\u00a0"}], "Pharmacy Council-(Delhi)": [], "Agriculture Marketing. Board.-(Delhi)": [{"category": " Policy Matter , Others\u00a0", "query": "hindi qu. 1\u00a0", "response": "ans. send to applicant.\u00a0"}], "Finance": [{"category": "Others\u00a0", "query": "following implementation of sixth central pay commission recommendations as per om no.12011/03/2008-estt.(allowance) dated 2nd september, 2008, reimbursement for expenditure on the education of school going children only i.e. for children from classes nursery to twelfth including classes eleventh and twelfth held by junior colleges or schools affiliated to universities or boards of education will be applicable.  there is much divergence and variation in the name given to pre-school facilities provided by both the government and private sectors in delhi.  at present pre-school classes are variously called nursery, montessori, kindergarten, pre-primary, play school, prep-school etc.  if a school is following a system of two academic years prior to class i for example pre-school and pre-primary or nursery and kg; is the reimbursement of education expenditure applicable for both the academic years?\u00a0", "response": "as per om no.12011/03/2008-estt(allowance), dated 02.09.2008, tuition fee reimbursement is applicable in respect of classes nursery to 12th only.  further clarifications, if any, may be obtained from ministry of finance, govt. of india.\u00a0"}], "Dental Council -(Delhi)": [], "Guru Gobind Singh Indraprastha University": [{"category": "Services/Estt Matters\u00a0", "query": "regarding action taken on complaint made by m/s yokohama foods against prof. k. kannan, dsw and dean usbt on 14.2.2005\u00a0", "response": "information received from concerned departments is enclosed (01 pages)\u00a0"}], "SPCA": [], "DSSS Board": [{"category": " Examination , Reservation policy\u00a0", "query": "total number of vacancies reserved for hearing handicapped/disabled person for the post of assistant teacher/teacher(primary) vide advt. no.07/07 and 08/07 post code 164/07  and 165/07.\u00a0", "response": "the requisitioning department i.e. the directorate ofeducation and mcd have not indicated the reservation for hearing handicapped category in their respective requisitions for the posts (pozstm code 164/07 and 165/07) as such in the advertisements which are released by the board, on the basis of requisitions no post have been shown reserved for that category. \u00a0"}], "Health & Medical": [{"category": "Services/Estt Matters\u00a0", "query": "related to mcd tranfer posting\u00a0", "response": "not pertining to this pio pertining to mcd\u00a0"}], "Urban Development": [{"category": " Policy Matter , Others\u00a0", "query": "provide the status of land between cermation ground to mahipalpur red light chowk of village mahipalpur extension.\u00a0", "response": "the reply has been sent to the applicant vide letter no. 6569. dt. 20.04.09\u00a0"}], "Home": [{"category": "General Issues Concerning Public\u00a0", "query": "applications/representations received from or through municipal cocncillor, mlas, mps and ordinary citizens.\u00a0", "response": "03 through mla/counsellors/m.p., 03 through gnctd/dda/mcd/ndmc & 237 applications/representations through general public\u00a0"}], "Administrative Reforms.": [{"category": "Services/Estt Matters\u00a0", "query": "authenticated copies of noting portion of files on the appointment of smt. shailaja chandra, chairperson (pgc) and part time member of pgc\u00a0", "response": "out of 23 pages asked for by the applicant, authenticated copies of 18 pages was supplied to the applicant and the copies of the remaining 5 pages was not supplied since it was restricted u/s 8(1)(j) of rti act, 2005.\u00a0"}], "Employment": [{"category": "Others\u00a0", "query": "the information requird by the applicant relates to the various policy matters, expenditure on the advertisements, on phones, vehicles and corrupton cases etc.\u00a0", "response": "reply sent vide letter dated 03.11.2009\u00a0"}], "Law & Judicial": [{"category": "Others\u00a0", "query": "whether th official can be asked to pass typing test in view of order no.f.3(28)/94-s.ii dated 1/6/1994\u00a0", "response": "this department does not provide advices/opinions in the legal matters to the private persons. for this purpose you may contact the office of the delhi legal services authority.\u00a0"}], "State Huj Committee-(Delhi)": [], "Elect..Regulatoy Commission-(Delhi)": [{"category": "Others\u00a0", "query": "information regarding wong billing by ndpl\u00a0", "response": "in the context of your letter, it is to inform you that the power distribution companies (discoms) in delhi are not presently covered under the rti act, 2005.  this matter was considered by the central information commission (cic) while declaring the discoms 'public authority' as defined under the rti act, 2005, in their order dt. 30.11.2006. however, the order of cic has been stayed by the hon'ble delhi high court on the writ petitions filed by the discoms.  more recently in the matter of derc vs. cic & ors. (w.p.(c)6735/2007) in the order dated 23.04.2009, the hon'ble delhi high court has directed that derc cannot use its regulating power merely to obtain information (not already with it) from other bodies or concerns, in order to answer queries or information applications received by the derc.  the order has made it clear that derc cannot be compelled to access information from any of the discoms (copy of the order attached)."}], "Weight & Measures": [{"category": "Others\u00a0", "query": "1. a copy of the notice, if any, issued to me in the above matter may please be provided.", "response": "1. the notice has been forwarded to karkardooma court alongwith the case by concerned zone. however, the copy of inspection report is  attached herewith."}], "Samajik Suvidha Sangam": [], "Consumer Affairs": [{"category": "Others\u00a0", "query": "the action taken against anti-consumer presidents/members of the consumer fora and state commission since 2001 etc.\u00a0", "response": "transfered to registrar state commission\u00a0"}], "Training and Tech.Education  & ITI's": [{"category": "Services/Estt Matters\u00a0", "query": "1. please state the date of actual implimention of six cpc revised pay to the employee of govt of nct delhi which was w.e.f 1-1-2006.", "response": null}], "Environment": [{"category": "Policy Matter\u00a0", "query": "year wise break up of total amount of grants given to ngos by the deptt. of environment from fiscal years 2002-03 to 2009-10 for implementation of various schemes/projects/activities of the govt. and", "response": "details of amount given to ngos supplied.\u00a0"}], "Labour": [{"category": "Others\u00a0", "query": "total no of alc and dlc in labour deptt.\u00a0", "response": "information enclosed one page.\u00a0"}], "Trade & Taxes (Sale Tax)": [{"category": "Others\u00a0", "query": "on which date tax period changed from quarterly to monthly by the e.d.p.cell.\u00a0", "response": "3.on 9/09/08\u00a0"}], "Principle Account Office": [{"category": "Services/Estt Matters\u00a0", "query": "reagding staus of cpf\u00a0", "response": "       the accounts of the beneficiaries of the gnctd covered under the \u0093 new pension scheme\u0094 are maintained through the nsdl, mumbai. as per the instructions of the govt. of india, the monthly subscriptions recovered from the subscriber are remitted by the paos in the bank account of the central record keeping agency (cra) established by the govt. of india. as on date no instructions for releasing the amount out of the cpfm contributions are available and as such no information is provided."}], "Police -(Delhi)": [{"category": "Redressal of Personal Grievance\u00a0", "query": "regarding date and no. of the letter of lt. mm rehman offg., proctor university of delhi vide his ref. no. proc/60/2007/933 dt. 14/12/07 addressed to the dcp/north district, delhi.\u00a0", "response": "a letter has been sent by post (upc)  vide letter no.2477/rti cell/north, dated 04/08/2009."}], "Divisional Commissioner & DC's": [{"category": "Others\u00a0", "query": "regarding voter id card\u00a0", "response": "information fully supplied\u00a0"}], "DTC": [{"category": "General Issues Concerning Public\u00a0", "query": "information asked for seat reservation in dtc buses.\u00a0", "response": "after receiving the reply from dy.cgm(sbu), the same was sent to the dy.cgm(tr.)/pio,sc.house as well as to the applicant vide this office letter no.cws-ii/go/rti/2015/658 dt. 19.5.2015.\u00a0"}], "Delhi Kalyan Samiti": [{"category": "Others\u00a0", "query": "inspection of the files i.e. (i) samta sainik dal (ii) s.m. charitable trust (iii) bhaujan vikas samiti ", "response": "sh. gopal rajwany visited the office on 08.09.2009 and examine the files requested in his application and further requested for providing photocopies. photocopies provided.\u00a0"}], "Irrigation & Flood Control": [{"category": "Others\u00a0", "query": "reg.wall contd.by i&fc notified for wls vill.tuglakabad\u00a0", "response": "details will be provided after receipt of requisite amount.\u00a0"}], "Vigilance including Anti Corruption.": [{"category": "Vigilance Matters\u00a0", "query": "i).\tplease intimate me the status of my said letter and diary no. for the same. ", "response": "i to iv. the said complaint has been referred to divisional commissioner vide this directorate\u0092s letter dated 27.08.09 for necessary action and diary no. is 8227.\u00a0"}], "Dilli Homeopathic Anusandhan Parishad": [{"category": "Services/Estt Matters\u00a0", "query": "information about diploma/degree/certificate during the period 1990 - 2005 of all paramedical staff\u00a0", "response": "no paramedical staff was working under dilli homoeopathic anusandhan parishad during the period july 1998 to 2005\u00a0"}], "Physcitherapy & Occupational Therapy Council -(Delhi)": [], "Minority Commission-(Delhi)": [{"category": "Others\u00a0", "query": "no. of grievances received related to buddhist community for redressal during the year 2001-02, 2002-03, 2003-04, 2004-05, 2005-06, 2006-07.", "response": "in the years 2001-02, one grievance related to buddhist community was received, which was closed/disposed of  in the year 2002-03.in the year 2003-04, one grievance was received which was disposed of in the same year.in the year 2004-05, one grievance was received, which is under processed.in the year 2005-06, three grievances was received, out of which two have been disposed of and one is under process. "}], "Information Technology": [{"category": "Others\u00a0", "query": "i am most interested in knowing post technical evaluation/audit (officer award of contract) of 3 dgis project of nct of delhi to m/s nec) by an independent technical team for reviewing the periodical/mid term evaluation/progress of the project to judge its present performance and its on time deliver to the delhi govt. (before common wealth games 2010)\u00a0", "response": "the apex review committee has been constituted to monitor the progress of dssdi project. the committee periodically reviews the progress of the project. the project is also monitored regularly by a committee under project director, dssdi. further an spv, a company under companies act, headed by m.d., dssdi has also been constituted to review and monitor the project\u00a0"}], "Excise": [{"category": "Others\u00a0", "query": "pl. supply true copy of case appeal no. 6/2006 filed by dttdc against collector(excise) and the sanme of the person present at the last hearing.\u00a0", "response": "copy supplied."}], "Industries & Tool Room ": [{"category": "Land Matters\u00a0", "query": "information regarding rti act 2005\u00a0", "response": "no.aci(r/l)/rti/ci/2010/1164-71 dt. 23.03.2010\u00a0"}], "CS Office": [{"category": "Others\u00a0", "query": "information related to mcd\u00a0", "response": "information sought by the applicant is fully supplied\u00a0"}], "Tourism": [], "Agricultural Marketing Directorate": [{"category": "General Issues Concerning Public\u00a0", "query": "total expenditure by this department (directorate of agricultural marketing) for advertisement in year 2003-04. please provide the total expenditure under different heads of accounts also.\u00a0", "response": "rs. 0.00\u00a0"}], "Corp.Housing Finance Corp. Ltd.-(Delhi)": [{"category": "Others\u00a0", "query": "whether there is a provision of promotion for group 'd' employees to the post of ldcs in your organisation? what method is adopted for promotion from group d to ldc in your organisation? please provide the copy of the rule\u00a0", "response": "no such provision\u00a0"}], "Food & Supply": [{"category": "Others\u00a0", "query": "regarding procedure of making ration card.\u00a0", "response": "application withdrawn by the applicant\u00a0"}], "Co-operative Societies": [{"category": " Redressal of Personal Grievance , Others\u00a0", "query": "petain to west zone\u00a0", "response": "order passed and copy sent to the applicant\u00a0"}], "Power Con. Ltd. (Transco)-(Delhi)": [{"category": "Services/Estt Matters\u00a0", "query": "q: 1\tcomplete notings and correspondence pages leading to the passing of resolution on 26th march 2008 for giving one time relaxation in r & p rules in the case promotion of am(t) diploma holders to the post of manager [tech] and copy of the said passed resolution by which nine nos. ams [tech] diploma holders were promoted to the post of manager [tech] vide office order no:d.t.l./1010/hr[a&g]/2008/110 dt. ", "response": null}], "Mahatma Gandhi Institute of Integrated Rural Energy Planning & Development": [], "MCD": [{"category": "Sanitation\u00a0", "query": "regarding sanitary land fill ghazipur.\u00a0", "response": "part reply sent to applicant vide no-ce(dems)/rti/2009/- dt.10.07.09& for further reply application transfered to vo(hq)/pio, veterinary department, as informed by s.e(slf)\u00a0"}], "Social Welfare Deptt": [{"category": "Others\u00a0", "query": "a) how many km  each vehicles has covered during the month of june 2006. ", "response": "a.as pointed out that the information provided vide this office letter of even no. dt. 10-7-06 lacks clarity, in this connection, it is informed that the information provided by this directorate was as per your application submitted in this directorate and all the information was very clear. "}], "States Aids Control Society.-(Delhi)": [], "Board of Technical Education": [{"category": "Others\u00a0", "query": "1. please intimate the name of the authorized/institute or board who formulated and prepared the question papers for the course namely screen printing/commercial art for the year 1991 to 2005.\u00a0", "response": "1. board of technical education, delhi being an examining body, is the authorized agency for setting of question papers related to diploma/trade diploma courses including commercial art (part-time)\u00a0"}], "DFC (New Delhi & Chandigarh)": [{"category": "Others\u00a0", "query": "whether there are any govt nominee director in dfc.  if yes, please provide the details of such govt. nominee directors like their names their date of appointments and their date of retirement.\u00a0", "response": "the pointwise reply of your application is enclosed herewith as annexure i & ii\u00a0"}], "Human Rights Commitee for Arrestees": [], "Power": [{"category": "Others\u00a0", "query": "he has sought the following information under rti: - ", "response": "the information desired by you in the aforesaid application is tabulated below: -  "}], "Institute of Hotel Management and Cat. Techn-(Delhi)": [], "Legal Services Authority-(Delhi)": [], "Board of Homeopathic System of Medicines": [{"category": "Others\u00a0", "query": "to", "response": "to"}], "GAD": [{"category": "Others\u00a0", "query": "various information related to mlas\u00a0", "response": "the requisite information is fully supplied\u00a0"}], "Audit": [{"category": "Others\u00a0", "query": "1.\tattested copies of model r.rs. for the post of labour officer, labour welfare officer, labour welfare inspector, law officer in the central government and delhi government etc.\u00a0", "response": "please find enclosed herewith a copy of application in original received from sh. v.s. rathi, r/o 447/26, west ram nagar, sonepat (haryana) seeking certain information under rti act, 2005."}], "Gurudwara Election": [{"category": "Others\u00a0", "query": "1. wardwise list of electors", "response": "1. list attached"}], "PFA": [{"category": "Others\u00a0", "query": "reg. against whom cases under the different sections of misbranded were found during the period from 1st april 2004 to 31st march. & other related questions.\u00a0", "response": "application transfer to all sdms/lhas\u00a0"}], "NDMC": [{"category": "Others\u00a0", "query": "that apart from the above, ms. shashi vatan, asstt. librarian in pr deptt. was asked by me in domestic violence case no. 1985 filed in court no. 30, patila house court the details/address of the house/flat she purchased in naraina and rented for approx. rs. 12,000/- vide my application to her before the court. ms shashi vatan has not denied the naraina house/flat and rent rs. approx. 12,000/ pm which means admission. chief accounts officer to take note of this income while computing her income tax liability from and for 2009-10 and i will be requesting action taken after feb 2010 under rti from cao, ndmc\u00a0", "response": "para no. 2 \u0096 computer billing section is responsible to deduct income tax only from the income chargeable under the head \u0093salaries\u0094 of the employees. further as provided under section 192 (2b) where an assessee who receives any income chargeable under the head \u0093salaries\u0094 has, in addition, any income chargeable under any other head of income (not being a loss under any such head other than the loss under the head \u0093income from house property) for the same financial year, he or she may send to the person responsible for disbursement of salary the particulars of such additional income. this is entirely at the discretion of the assessee to declare to the employer any other such income additional income other than falling under the head salary. copy of the section 192 of the income tax act, 1961, which is self explanatory, is being enclosed for ready reference please."}], "Legislative Assembly Sectt.-(Delhi)": [{"category": "Others\u00a0", "query": "regarding mlas salary, fund etc.\u00a0", "response": "information given on point no. 1 & 3\u00a0"}], "Public Grievances Commission": [{"category": "Others\u00a0", "query": "the questions asked for are in hindi.\u00a0", "response": "for question no:1 information pertaining to pgc be treated as nil"}], "PWD-PWD Sectt.": [{"category": "Others\u00a0", "query": "reg.ref.of letter dt.27/9/2012 addressed to cmo/pvt.secry.to cm of smt.bhumi chattat singh rachhoya\u00a0", "response": "reply sent to the applicant on dt.22/3/2013\u00a0"}], "Archaeology & Delhi Gazetteer": [{"category": "General Issues Concerning Public\u00a0", "query": "how many officers/officials in delhi govt. and its subordinate offices have been transferred(out of department/in the department)before 122 days or 4 months before their retirement?  inform as per table given below:", "response": "ans.1 as far as deptt. of archaeology, gnctd is concerned, the information may be treated as nil. "}], "Women Commission-(Delhi)": [{"category": "Others\u00a0", "query": "copies of documents in case file\u00a0", "response": "attested copies of documents in case file have been sent.\u00a0"}], "State Election Commission-(Delhi)": [{"category": "Others\u00a0", "query": "request for details of action taken report under rti act 2005 with respect to sh. bijender singh, constable.\u00a0", "response": "with reference to your above said application , it is informed that case of complaint against sh. bijender singh, constable was sent to the asstt. commissioner of police , o/o dcp(vigilance), delhi police bhawan, asaf ali road, delhi. with reference to your representation dated 16.3.09, the reply has already been given to you vide this office letter no. sec/admn./329 dated 19.5.2009. the subsequent reminder no. sec/admn./1417 has been sent to the "}], "Welfare of SC/ST": [{"category": "General Issues Concerning Public\u00a0", "query": "information regarding various activities of this department\u00a0", "response": "information has been furnished vide letter no.9(4)/05-06/dscst/scp/1939 dated 05.06.2009\u00a0"}], "Pollution Control Committee-(Delhi)": [{"category": "General Issues Concerning Public\u00a0", "query": "i demand from dpcc for compensation of rs 5/- crore. it is not a worth of a human life as my unit closed on non-conformity of industrial area. now mpd-2021 zonal plan b is a gazzetted document in which anand parbat ind. area is clearly shown in absence of lay out plan, zonal plan are used for any purpose as per gazette. it is quite clear  europian jains industries pp-42 gali no. 10. anand parbat industrial area falls in anand parbat industrial area, new delhi-05.    \u00a0", "response": "information sought is not clear. however, dpcc is not issuing consent in anand parbat industrial area.\u00a0"}], "Prosecution": [{"category": "Services/Estt Matters\u00a0", "query": "if the scale of rs.8000-13500 non given w.e.f 01.01.1996 and has been given after was, then reason been stated.\u00a0", "response": "the question relates to services department.\u00a0"}], "PWD": [{"category": "General Issues Concerning Public\u00a0", "query": "1. whether shopkeepers have got right to arrange this type of function on the road.", "response": "1. the shopkeepers and other residents of colony have no right to arrange the function on the road."}], "CATS": [{"category": "Services/Estt Matters\u00a0", "query": "shi aijaz ahamad s/o mohd issa is a para medical employees in cats. the information is required about his duty hours and his attendance/leave/official tours in the department during 1 july 2002 to 10 july 2002.\u00a0", "response": "the information regarding duty hours and attendance/ leave/official tour of shri aijaz ahamad during 1st july to 10th july2002 has been provided on 13/11/09 through"}], "Information & Publicity": [{"category": "Policy Matter\u00a0", "query": "information about the vacant positions of group c & d\u00a0", "response": "fully supplied\u00a0"}], "State Urs Committee, Haj Manzil -(Delhi)": [], "NCC": [{"category": "Services/Estt Matters\u00a0", "query": "information about st employees\u00a0", "response": "total 12 persons are working at present in the st category in ncc department.\u00a0"}], "Election Office - CEO": [{"category": "Others\u00a0", "query": "sh. majinder singh sirsha have fill up his nomination for assembly election.  he had fill up his nomination from punjabi bagh janpura.  he had submitted photocopy of his income tax return as well as his assest. he is requested for certified copy of his income tax return as well as his assests may kindly be supplied.\u00a0", "response": "since the required information does not fall within the jurisdiction of this district and as it falls within the juriction of district,new delhi therefore the same has been transferred to pio/sdm(new delhi).\u00a0"}]}